ID,"('ADJ',)","('ADP',)","('ADV',)","('AUX',)","('CCONJ',)","('DET',)","('INTJ',)","('NOUN',)","('NUM',)","('PART',)","('PRON',)","('PROPN',)","('PUNCT',)","('SCONJ',)","('SPACE',)","('SYM',)","('VERB',)","('X',)"
0001a,141,215,65,112,71,163,0,370,31,23,80,59,234,58,0,0,175,0
0001b,119,178,64,108,61,143,1,323,31,33,94,42,179,59,0,0,173,0
0001c,139,216,101,105,48,149,0,399,27,54,102,42,253,56,0,0,206,0
0001d,227,242,120,170,110,138,0,482,41,94,129,65,328,105,0,0,310,0
0001e,204,296,145,133,96,212,0,541,105,37,109,104,370,90,0,1,250,0
0002a,237,287,88,125,72,186,0,508,3,52,120,41,191,44,0,0,224,8
0002b,189,274,76,71,69,170,0,420,24,64,77,77,155,33,0,1,201,2
0003c,195,219,81,61,34,185,0,404,47,42,67,68,293,33,0,0,166,7
0003d,258,381,137,89,63,271,0,541,130,89,118,399,521,46,6,15,246,158
0003e,248,370,116,91,67,312,0,492,150,79,90,559,574,54,5,14,238,155
0003f,238,348,117,80,65,282,1,548,85,60,95,345,538,49,7,10,218,147
0003g,242,394,112,111,73,300,0,590,90,64,138,90,532,66,0,0,227,34
0003i,157,287,74,96,77,250,0,427,80,67,71,300,478,37,11,5,180,125
0003j,195,299,122,129,72,279,0,532,74,71,115,222,485,51,3,5,224,126
0003l,262,372,130,82,91,308,0,624,104,70,108,297,541,53,3,3,268,134
0003p,144,218,67,62,38,193,0,369,66,58,61,114,284,28,0,0,157,8
0004a,163,237,44,95,49,186,0,365,26,29,104,62,193,47,0,0,154,0
0004b,208,234,77,133,64,224,0,468,57,90,122,101,295,90,0,4,244,0
0004c,349,468,130,203,132,342,0,869,56,62,188,63,428,100,0,0,365,2
0005a,295,416,145,138,87,327,1,730,64,82,148,273,535,58,0,0,326,73
0005c,473,735,221,244,133,649,0,1234,129,158,285,749,1000,118,11,2,645,153
0010a,236,319,124,145,78,309,0,525,83,90,139,186,419,68,2,3,290,59
0010b,214,343,98,109,123,280,0,511,68,100,170,435,533,44,1,3,271,111
0010c,425,682,222,256,256,493,2,1162,176,138,164,519,771,127,6,18,470,168
0010d,305,343,143,144,129,255,0,653,71,88,172,289,550,74,1,12,310,112
0010e,227,285,102,123,69,213,0,484,49,76,127,105,362,76,0,3,250,4
0012a,215,279,79,81,87,244,1,445,68,42,87,237,298,54,0,9,197,41
0012b,120,198,75,48,52,128,0,278,15,50,106,173,204,34,0,0,167,44
0012d,557,618,188,204,194,473,0,1082,136,126,189,501,689,133,0,12,504,94
0013a,165,278,95,132,61,279,1,437,50,48,108,284,380,62,0,0,223,108
0013b,469,683,148,258,184,623,0,967,103,133,220,885,910,112,6,3,496,175
0013c,140,261,52,81,49,187,1,342,43,52,101,320,418,48,12,2,197,100
0013d,191,347,80,117,122,250,0,586,96,75,108,265,354,49,0,5,259,87
0015a,148,249,71,107,69,263,1,377,66,32,78,270,254,49,2,1,207,64
0015b,177,269,112,124,100,278,0,568,100,79,105,316,360,58,2,2,300,79
0019a,198,312,107,129,77,287,0,467,22,71,121,215,328,58,1,0,213,64
0019b,274,334,94,121,89,253,0,509,41,65,95,202,394,35,2,6,192,54
0019c,150,267,62,96,79,308,0,381,38,41,93,199,309,44,0,3,168,57
0019d,203,313,101,146,102,278,0,559,63,129,160,273,501,93,2,8,261,62
0019e,214,395,89,141,86,291,2,499,98,110,196,383,456,99,0,7,248,59
0019f,181,339,98,108,99,313,0,456,39,50,84,192,334,40,2,2,209,54
0019g,242,360,84,108,119,287,1,515,55,44,140,269,416,49,1,4,213,63
0019h,183,346,96,103,106,280,0,604,59,55,124,181,433,56,2,4,219,64
0019i,164,306,111,128,68,293,0,452,26,80,95,194,380,55,0,1,208,54
0019j,285,412,89,99,127,374,0,558,98,65,88,429,462,31,1,20,254,67
0026b,123,140,106,156,51,153,1,265,38,75,156,29,165,59,0,1,182,20
0029a,166,202,114,97,64,212,0,328,38,42,66,125,232,32,0,1,170,39
0029b,378,664,281,266,145,764,0,1073,150,155,301,582,724,148,0,8,553,142
0029e,234,243,104,133,68,235,0,378,45,41,88,224,392,44,3,1,214,72
0029f,214,294,134,146,53,199,0,455,47,88,153,218,327,59,0,4,207,53
0029h,172,304,125,105,62,263,1,421,39,65,116,244,285,39,1,0,242,72
0029i,519,702,301,328,180,663,0,1039,144,177,344,640,810,150,4,2,546,186
0029j,228,357,141,108,89,235,0,475,57,76,146,225,304,48,3,1,225,75
0029k,268,321,137,155,90,275,0,477,71,92,168,304,419,68,1,7,265,65
0029o,210,361,122,144,93,340,1,499,74,62,124,297,329,77,1,1,249,52
0030a,202,321,119,143,89,278,0,543,123,71,87,273,435,47,0,18,246,121
0030b,246,337,95,98,99,269,0,568,83,62,84,331,500,41,0,3,243,143
0034a,232,307,101,137,62,239,0,536,48,80,79,304,294,56,4,3,280,60
0034b,167,203,61,111,69,158,0,431,24,66,101,172,251,50,0,0,239,35
0034c,328,424,116,208,98,330,0,745,57,114,154,328,418,76,0,2,423,69
0034d,157,229,71,100,55,181,0,396,41,66,89,305,229,44,6,4,216,50
0034e,319,398,85,152,102,299,0,575,83,100,114,459,348,69,10,3,332,74
0038a,163,321,105,232,59,219,0,429,12,91,223,102,273,80,0,2,304,5
0038c,218,375,84,125,71,274,1,610,8,101,153,107,248,52,1,0,235,4
0039a,229,299,142,90,67,244,0,455,51,51,64,257,430,29,0,7,195,88
0039d,156,250,111,91,83,211,0,418,51,62,100,211,334,45,0,2,244,70
0039e,249,248,94,73,92,215,0,434,68,46,55,201,370,30,0,7,164,77
0039f,495,697,296,294,184,508,5,1367,167,200,420,673,1257,182,0,22,635,249
0040a,342,424,146,112,130,322,0,636,39,54,147,165,263,41,1,4,256,47
0040b,495,870,256,364,238,575,0,1277,300,158,276,787,964,149,2,18,522,175
0040c,777,1322,466,683,401,1290,1,2045,432,403,609,1417,1853,285,11,27,1080,465
0040e,322,529,153,187,181,419,1,801,193,114,231,689,721,52,4,14,348,105
0042a,183,320,94,57,83,214,0,401,72,38,80,323,292,33,0,2,170,52
0042b,107,181,59,47,48,138,0,216,35,27,46,257,149,20,2,4,103,29
0042c,204,341,109,161,85,234,2,548,103,72,180,359,522,69,3,3,244,110
0042d,254,318,89,111,90,251,0,492,112,70,94,394,545,51,4,10,268,89
0042e,371,626,186,164,155,562,0,934,128,131,182,602,571,72,1,9,419,87
0044a,258,378,138,109,72,320,0,538,90,62,96,339,435,73,0,7,259,62
0044b,386,534,242,251,168,552,2,951,69,146,320,241,655,133,1,3,544,55
0050a,167,243,102,112,67,237,0,465,15,75,94,103,211,57,7,3,240,26
0050b,189,288,90,101,54,213,0,529,51,48,57,96,212,35,1,8,209,9
0053a,237,307,70,67,62,170,0,529,68,40,49,140,241,33,1,11,197,43
0053b,201,270,91,157,58,200,0,651,27,105,90,101,281,76,0,3,287,51
0053d,272,343,112,161,73,254,0,704,60,91,87,147,338,73,6,0,296,79
0055b,139,206,139,185,98,190,1,360,44,77,237,62,265,111,0,0,223,4
0055c,199,210,71,123,83,184,0,586,60,55,101,131,290,50,3,2,215,41
0055d,109,119,75,139,34,144,0,272,4,69,93,22,165,76,0,0,181,8
0055e,165,280,111,153,83,212,1,486,21,64,265,57,308,86,0,0,268,5
0057a,125,168,66,97,47,132,2,297,6,43,91,44,198,40,0,1,153,15
0057b,138,146,48,71,52,99,0,258,3,38,73,45,158,35,0,1,129,8
0057f,455,470,271,334,163,508,2,970,112,135,342,82,559,159,0,1,511,52
0058f,189,303,104,129,63,252,0,582,84,50,61,110,232,54,5,12,208,13
0058g,229,274,165,172,55,259,0,622,60,72,83,128,236,82,53,1,234,39
0063c,81,241,99,120,73,216,0,322,86,69,127,234,307,59,1,4,200,44
0064a,161,184,74,106,46,169,1,372,116,58,61,173,257,43,0,0,144,33
0064b,165,213,54,67,46,167,1,346,75,42,37,222,277,27,0,5,125,48
0064e,262,387,129,169,87,353,0,662,203,74,112,459,615,71,3,5,260,94
0064f,284,430,121,200,96,293,2,828,280,98,130,612,676,101,4,6,311,139
0066b,105,185,49,80,55,125,0,334,121,56,49,269,343,50,4,5,163,119
0069b,291,610,153,212,86,398,0,783,134,130,213,379,497,106,4,8,506,183
0069c,138,242,75,95,36,201,0,357,50,64,72,121,203,51,1,14,224,58
0069d,439,616,189,208,172,489,0,995,162,125,142,489,696,79,1,13,499,204
0069e,349,574,190,248,149,487,0,990,200,134,169,485,661,97,4,22,502,190
0070a,180,205,62,72,57,163,0,369,73,52,54,154,294,49,0,4,170,63
0070c,155,210,74,89,35,180,1,361,38,47,69,76,279,46,2,4,193,23
0071a,194,273,104,84,50,168,0,440,51,41,67,120,252,39,2,3,166,7
0072a,226,351,101,120,76,314,1,675,83,48,120,212,374,60,31,2,284,81
0073a,388,552,163,241,224,436,0,1261,122,103,103,181,811,112,1,1,387,31
0073b,206,333,95,138,79,215,0,663,81,45,42,72,306,60,0,2,218,0
0073c,270,291,103,125,131,326,0,577,70,83,62,239,455,59,0,0,229,22
0073d,266,453,93,193,95,327,0,860,58,83,91,99,479,92,0,0,254,0
0075a,223,239,96,102,92,223,0,468,25,72,86,161,235,46,1,2,222,11
0075c,270,297,115,104,81,243,0,591,34,56,113,229,315,65,6,0,236,88
0075e,232,260,93,94,56,213,0,473,47,54,89,155,384,34,2,4,187,40
0075f,283,257,112,118,70,213,0,449,29,57,100,50,179,53,0,2,187,1
0075g,192,253,84,74,61,217,1,434,20,47,86,93,184,55,0,0,205,5
0075h,154,219,74,94,67,238,0,353,37,67,73,86,168,63,0,10,167,0
0075i,144,193,70,73,67,169,0,379,25,48,79,113,176,28,3,1,177,32
0075j,180,231,75,89,65,165,1,349,25,57,121,108,193,72,0,2,178,40
0075k,212,195,96,101,78,145,1,409,31,51,58,112,249,49,1,6,163,49
0075m,295,357,107,115,74,272,0,702,72,69,67,75,252,54,0,2,272,17
0077c,195,166,80,107,73,140,0,341,8,51,68,16,188,37,0,1,170,17
0077d,197,202,106,90,74,177,0,418,50,40,42,142,226,21,1,1,187,59
0077g,100,116,56,43,41,97,0,330,24,19,36,52,166,21,0,0,102,48
0079a,618,871,206,223,153,898,1,1575,259,120,113,392,781,136,0,24,634,84
0079b,619,705,241,340,149,824,3,1516,305,172,166,314,1040,251,49,27,807,103
0079c,497,696,148,323,195,721,3,1554,208,153,153,463,970,166,28,6,589,89
0080a,123,123,43,62,27,90,0,280,11,24,52,29,132,23,0,0,105,4
0080b,169,224,109,148,38,155,1,483,44,61,63,62,268,69,2,0,230,12
0081a,270,453,131,203,107,381,0,804,82,139,133,185,454,65,0,8,396,41
0081b,304,351,139,158,105,232,0,757,77,84,113,93,482,47,0,11,287,24
0081c,244,427,131,174,138,256,0,849,115,80,105,123,573,70,0,6,359,20
0081d,342,339,129,151,159,199,5,754,113,114,155,160,658,54,0,9,371,33
0086c,105,165,45,108,53,143,1,312,54,39,93,145,172,43,0,1,154,74
0086d,240,285,98,201,132,312,0,594,100,106,182,293,415,89,0,4,346,132
0086f,139,372,81,137,106,334,0,566,161,93,103,499,396,82,0,6,301,129
0092a,275,345,143,132,95,255,0,757,61,42,88,237,404,67,27,12,289,129
0094a,202,210,71,100,51,174,6,496,67,57,67,88,251,26,0,2,183,68
0094b,188,195,63,115,57,146,0,377,44,42,81,75,237,30,4,3,171,57
0094c,174,225,87,156,61,282,1,483,84,41,66,134,259,53,2,5,209,94
0094d,165,327,102,179,77,378,6,461,101,70,109,451,377,69,3,32,276,143
0094g,196,315,102,182,40,376,1,633,86,64,90,156,327,64,2,2,365,135
0098a,133,242,87,115,60,199,1,431,46,49,72,131,327,34,2,2,174,3
0098b,297,366,145,186,105,336,0,653,73,85,121,193,408,72,1,2,311,71
0099a,188,205,103,167,58,266,0,562,36,66,61,116,290,75,2,4,254,51
0113b,130,178,81,131,31,115,0,260,4,55,155,49,164,64,0,0,156,2
0117a,161,184,95,107,29,163,0,345,45,65,61,61,153,73,0,0,180,3
0118a,197,218,79,186,59,291,1,584,22,50,73,90,265,82,35,1,264,11
0119c,234,418,85,177,107,320,1,735,178,128,112,474,502,88,0,12,367,171
0119d,277,389,80,144,123,263,7,758,155,139,102,479,717,72,2,3,365,162
0119e,292,367,94,165,117,298,1,724,180,101,103,399,495,76,5,7,377,176
0119g,364,486,135,222,146,373,0,1135,268,125,132,442,823,87,1,14,528,318
0120b,71,183,51,111,33,173,0,306,36,60,66,101,160,46,0,2,136,55
0120e,191,403,118,144,57,420,0,457,88,59,144,478,432,77,2,4,279,142
0122b,131,200,70,132,48,156,0,343,99,57,70,243,297,56,1,8,186,89
0123a,140,153,56,98,67,171,0,367,24,44,66,48,228,36,0,1,186,1
0124a,252,283,76,144,114,157,1,657,44,60,79,54,323,64,0,0,250,13
0124b,280,355,141,189,131,259,0,882,100,66,107,146,524,105,0,1,362,35
0124c,290,415,140,185,121,254,0,952,91,106,140,107,525,99,0,0,359,14
0124d,418,475,139,157,111,279,0,930,106,57,82,172,497,58,1,1,377,46
0129c,302,394,99,161,129,331,0,689,61,60,113,220,440,73,0,3,288,66
0129e,270,334,77,89,72,275,0,556,42,47,107,290,392,55,3,3,231,86
0129f,192,310,76,129,97,292,3,438,28,78,124,329,388,63,1,0,282,97
0129g,225,364,105,118,95,222,0,565,34,81,97,283,352,56,0,6,237,84
0129h,240,282,85,118,91,245,1,512,71,76,71,362,409,71,0,8,237,139
0135a,162,271,101,134,75,181,0,425,42,80,144,133,335,49,0,1,208,39
0135b,124,246,70,106,94,190,1,429,25,49,128,145,277,41,0,0,192,40
0135c,285,428,94,190,107,309,1,691,81,73,141,224,384,80,7,2,333,56
0135e,152,274,101,139,75,258,0,426,60,61,111,270,329,74,5,13,221,46
0135f,323,461,145,177,102,343,0,757,105,94,115,396,558,69,1,2,300,98
0135g,153,292,66,95,44,185,0,481,66,69,100,184,345,56,0,0,188,52
0135h,233,386,69,118,95,274,0,569,51,55,105,269,359,38,0,2,221,67
0135i,152,256,47,79,66,244,1,463,43,52,86,166,275,36,1,4,161,49
0136a,281,441,151,196,138,359,2,865,76,128,192,119,504,96,1,12,429,49
0136b,300,369,130,201,165,332,3,972,45,116,143,138,442,92,0,5,420,73
0137a,235,320,91,89,93,324,0,493,63,41,79,239,274,33,4,7,204,53
0137b,270,388,75,71,135,322,0,574,116,39,117,374,390,44,0,14,240,76
0137c,174,209,92,134,48,150,0,374,26,76,131,108,220,64,1,2,192,54
0137d,172,203,60,69,61,192,0,330,21,51,70,113,149,29,0,0,156,0
0137e,313,361,112,118,81,246,0,633,55,51,122,103,268,75,0,2,244,6
0137g,204,280,77,119,94,171,0,503,8,69,92,85,174,65,0,0,211,2
0137i,584,809,238,391,237,737,3,1273,77,179,473,515,888,166,13,0,641,252
0137j,661,812,263,317,264,635,0,1323,199,216,293,954,1018,125,14,10,614,223
0137l,511,712,265,344,165,649,0,1356,110,150,331,415,757,134,13,3,571,195
0137m,732,833,261,332,287,713,0,1123,141,146,276,940,1221,101,9,3,558,218
0137n,647,869,241,269,297,534,0,1619,195,160,221,970,1279,111,15,7,606,284
0138a,252,199,80,74,67,195,0,414,27,47,57,207,338,34,6,0,198,62
0138b,185,262,64,73,45,174,0,422,131,68,51,286,479,28,33,63,211,60
0138c,244,271,93,62,73,212,0,485,45,44,70,289,385,39,3,0,189,60
0138d,241,247,68,74,70,167,0,470,83,46,69,199,445,37,2,6,188,83
0138e,283,343,137,123,81,210,0,653,45,65,90,234,347,34,1,0,310,115
0138g,217,256,55,51,62,234,0,475,61,57,59,280,336,50,4,12,180,69
0138h,213,329,94,118,61,252,1,695,78,52,56,260,494,50,20,9,248,88
0139a,145,241,95,100,74,130,0,450,54,69,87,297,394,70,9,3,207,67
0139b,267,338,121,91,77,234,0,605,29,67,102,255,426,68,1,0,225,66
0139c,224,207,103,55,46,177,1,398,40,75,69,171,329,40,1,4,182,53
0139d,318,366,159,135,130,247,2,690,78,72,90,376,574,74,6,0,266,78
0139e,227,221,97,94,80,137,0,460,113,63,65,435,574,54,0,0,176,106
0139g,162,256,106,99,61,168,0,641,96,62,47,247,492,42,46,1,248,69
0139i,246,262,82,70,65,146,0,442,37,61,51,205,352,37,1,3,174,55
0139j,220,267,90,84,93,133,0,560,116,66,53,346,480,53,6,5,194,75
0140b,250,246,93,132,74,172,0,474,24,75,118,38,239,73,0,0,244,6
0140c,135,192,96,138,51,148,0,325,12,43,111,21,159,56,0,0,171,2
0140d,161,191,61,90,51,154,0,317,19,30,73,37,173,49,0,1,127,0
0140e,213,312,125,138,96,221,0,510,22,72,136,78,250,58,1,1,224,2
0140f,242,330,130,119,106,279,0,503,45,106,119,255,332,46,2,2,284,5
0140g,255,302,105,92,73,258,0,481,22,54,121,30,227,45,0,0,188,0
0143c,81,149,91,115,23,145,0,269,16,40,89,32,136,44,0,0,137,25
0144a,238,379,104,160,130,252,0,743,81,87,140,206,486,43,0,5,303,105
0144b,238,339,129,114,129,265,0,678,100,90,108,262,510,56,4,6,293,103
0144c,214,281,104,100,89,208,0,461,55,39,72,187,311,40,0,2,208,70
0144d,216,339,108,94,121,287,3,561,90,80,125,381,616,42,1,5,280,128
0144e,320,404,134,114,130,326,0,688,89,75,144,278,648,68,4,0,305,120
0147a,195,296,101,99,52,283,0,465,43,49,75,285,310,29,2,6,193,110
0147b,184,184,73,70,32,145,0,290,18,43,59,83,137,27,5,2,131,39
0148a,95,161,35,95,34,178,0,329,121,63,74,242,192,48,3,5,197,119
0156c,413,437,143,187,122,352,4,837,62,69,237,191,552,65,1,7,339,39
0156d,146,196,68,97,60,178,1,371,22,51,92,33,262,28,1,4,172,15
0163a,232,341,151,216,98,271,2,589,36,106,217,194,342,77,16,1,319,51
0177b,306,441,167,240,75,351,0,695,44,132,278,78,380,141,0,3,400,9
0178a,405,514,124,148,147,328,0,1060,75,71,131,203,495,62,2,13,360,67
0178c,358,492,117,145,128,280,0,951,114,74,113,154,411,65,3,6,334,63
0179a,289,421,176,160,132,322,0,689,19,88,197,61,397,45,1,0,281,27
0179b,260,331,142,199,116,302,0,681,19,74,178,104,426,49,0,0,270,10
0179c,265,366,128,195,127,350,0,648,15,99,202,118,474,75,0,0,276,65
0179d,192,270,93,131,78,249,0,429,12,64,141,92,313,38,0,0,175,13
0179e,152,271,80,121,82,202,0,429,33,57,141,138,228,40,0,2,183,63
0179f,141,192,74,143,64,173,0,339,17,52,112,78,167,46,0,0,176,32
0179g,194,212,76,103,72,168,0,428,17,39,91,47,229,41,1,2,170,28
0179h,185,177,109,139,78,161,0,412,11,67,100,36,220,56,1,1,204,26
0179i,185,208,103,152,65,170,0,382,18,47,141,52,196,52,2,0,191,26
0179j,133,162,78,103,57,129,3,350,15,56,79,69,216,53,0,2,177,21
0186a,293,461,126,118,130,335,0,652,71,88,121,443,548,67,21,6,275,105
0187b,171,206,74,111,54,188,1,436,17,40,66,102,181,67,9,1,174,3
0191a,118,194,57,83,57,161,1,343,10,41,80,43,185,34,0,0,155,2
0191b,291,461,126,119,130,335,0,653,72,88,121,444,550,67,21,8,276,94
0191c,163,376,79,201,78,329,1,544,147,95,133,383,467,125,5,22,280,115
0195a,350,390,150,191,137,319,2,761,74,68,93,424,658,78,8,7,295,110
0195b,304,390,140,159,130,301,1,743,50,92,110,258,464,68,1,3,312,68
0195c,785,774,315,360,241,624,2,1684,127,162,206,457,1074,154,9,6,620,180
0195d,760,907,317,380,314,927,0,1651,85,169,244,817,1237,139,9,4,691,205
0195e,755,829,260,381,304,602,1,1655,136,151,276,522,1112,137,9,5,660,241
0200c,141,158,39,73,54,132,0,403,9,42,37,67,172,39,0,4,152,39
0202a,215,331,130,108,50,214,1,543,68,37,88,129,220,89,0,4,248,42
0202b,233,315,142,110,62,262,0,633,44,70,109,114,231,61,0,1,291,28
0202c,226,279,106,210,58,267,0,553,60,82,134,156,335,78,2,0,286,31
0202d,196,283,126,157,51,234,0,525,43,57,116,88,196,78,0,3,254,37
0202e,236,363,122,110,57,262,0,591,86,36,95,103,250,63,1,3,247,61
0202f,230,344,120,143,56,221,0,589,78,42,123,70,288,80,4,3,256,55
0202g,254,343,116,132,70,224,2,642,89,47,93,69,231,72,0,14,246,45
0202h,272,302,153,193,64,319,0,723,35,64,148,54,260,99,1,0,273,37
0202i,248,307,105,144,86,227,0,633,35,80,114,87,260,92,7,0,318,58
0202k,106,214,84,129,34,158,0,372,21,48,116,44,183,49,0,1,201,29
0202l,165,252,91,115,60,147,1,413,63,24,98,34,214,52,1,2,188,23
0202m,132,203,62,121,52,156,1,437,49,56,106,63,213,63,0,5,215,68
0202n,145,186,89,93,42,153,1,356,22,62,100,43,191,39,0,0,199,0
0206f,56,103,32,69,33,87,0,245,0,23,23,5,70,22,4,0,97,3
0206g,57,119,40,61,25,98,0,234,15,25,31,4,102,25,8,11,105,0
0206j,92,156,36,72,33,100,0,359,17,31,47,21,154,41,0,2,149,0
0208a,192,336,101,107,53,267,1,564,105,47,59,122,267,39,3,6,269,91
0208b,212,375,109,91,118,259,0,675,43,76,88,122,307,42,0,6,299,20
0208e,190,268,96,84,69,217,0,435,32,43,54,139,202,31,0,2,168,28
0209a,280,322,115,167,85,268,0,636,145,83,170,334,510,84,1,9,427,126
0209b,161,127,59,93,69,105,0,343,34,65,41,159,267,26,0,3,201,40
0209c,366,288,129,151,106,200,1,769,74,75,98,172,470,67,0,11,304,101
0209d,464,413,145,202,226,374,0,894,462,119,133,1749,1346,82,10,58,500,301
0209e,387,424,101,159,143,351,0,864,181,94,130,671,816,48,5,22,355,190
0209g,472,414,160,150,107,278,0,991,299,115,75,919,1089,53,72,35,450,210
0212c,139,309,168,205,91,298,0,593,63,113,140,122,293,73,3,4,345,82
0214b,337,483,169,288,133,406,0,931,93,120,208,161,591,127,0,0,462,28
0214c,262,376,96,244,118,353,1,840,64,127,148,142,532,98,1,1,357,22
0214d,235,321,103,150,102,301,0,596,54,65,135,139,357,60,1,0,265,16
0215a,108,197,83,113,24,196,0,292,16,55,87,117,188,68,1,0,160,37
0215b,183,255,117,213,63,214,0,441,33,113,207,122,395,131,0,1,315,9
0215c,131,231,107,142,65,235,1,375,68,61,108,70,314,90,0,2,209,10
0215d,109,170,89,110,39,142,0,237,15,69,181,96,187,73,0,2,184,26
0215e,103,164,74,142,22,179,0,275,4,56,143,78,304,77,0,2,181,3
0219a,285,508,173,191,142,345,1,914,96,103,136,150,474,107,0,5,380,55
0219b,341,548,153,164,133,345,1,906,114,89,123,187,478,74,0,7,360,28
0219c,312,574,178,148,149,339,1,969,105,130,134,288,645,75,0,5,368,51
0225a,336,407,92,178,178,357,0,846,35,85,116,109,335,83,0,5,364,53
0225d,157,211,67,103,69,187,11,460,30,54,57,83,190,46,1,8,219,30
0226a,343,398,108,157,122,349,0,965,54,81,100,245,450,88,6,2,403,73
0226c,278,352,104,128,81,239,1,636,62,36,70,161,346,66,0,0,208,55
0234j,231,290,104,232,72,330,0,577,68,111,275,63,403,135,1,6,350,98
0235a,199,363,127,243,67,352,0,671,33,152,263,107,372,87,2,6,322,84
0235b,226,337,129,270,63,320,1,623,18,112,240,65,313,100,0,5,349,51
0235c,154,335,113,221,43,322,0,525,25,132,273,117,350,90,3,5,384,59
0235d,199,333,91,210,41,328,0,554,14,112,212,67,250,76,0,0,293,7
0237a,170,236,75,100,64,144,0,390,18,50,59,207,256,32,1,2,177,46
0237e,148,219,67,98,70,156,0,394,22,34,99,119,203,46,1,1,163,20
0244e,158,252,107,104,88,185,1,404,36,72,147,169,231,59,2,2,222,46
0244f,194,275,108,145,105,261,0,432,71,64,153,221,291,61,2,9,240,78
0244g,197,302,103,109,106,257,0,497,72,63,105,216,316,52,3,5,257,92
0244j,249,348,116,166,93,253,0,559,46,71,140,246,301,86,2,1,265,76
0244k,458,630,279,425,199,548,1,1090,60,210,402,400,581,176,15,11,700,159
0244l,197,231,103,181,92,151,0,371,40,85,217,106,222,92,0,2,232,43
0244m,454,662,247,318,168,559,1,1004,125,175,241,649,651,122,6,9,516,173
0244n,187,308,137,165,101,272,0,496,95,116,165,339,364,81,2,2,316,102
0252c,225,398,124,143,76,280,0,540,23,99,214,334,423,62,0,1,310,133
0252d,147,221,78,77,40,175,0,352,22,33,85,35,195,36,1,1,132,3
0252e,190,300,102,138,55,190,0,511,40,100,122,72,399,96,0,1,213,9
0252f,204,359,128,137,62,259,0,518,32,47,91,131,384,50,0,1,271,3
0252g,237,307,119,151,64,198,0,550,28,75,136,46,355,60,0,2,262,7
0252h,361,473,207,228,131,277,0,890,61,118,232,106,565,103,0,3,444,12
0252i,237,298,128,163,71,204,0,576,27,62,137,36,267,71,0,2,274,2
0252j,407,503,164,158,93,344,4,937,131,72,134,229,698,69,1,6,384,37
0252k,216,425,142,195,73,332,1,714,65,135,247,112,785,129,1,0,390,9
0252l,206,298,118,87,62,217,0,457,19,60,131,102,278,47,0,1,229,1
0252m,173,260,80,78,50,197,0,377,38,30,104,144,315,57,0,3,169,40
0252n,523,748,235,275,139,570,0,1027,70,122,281,595,571,162,4,6,540,125
0252q,241,286,125,113,78,196,0,551,31,71,104,86,287,53,0,5,230,2
0252r,681,1563,315,358,271,1410,0,1960,238,295,400,1490,1632,165,11,22,1020,381
0252t,149,241,92,102,50,182,0,393,6,65,156,156,197,56,0,1,205,61
0253e,337,381,155,184,98,303,2,818,51,101,187,208,388,95,5,6,403,105
0253f,171,191,90,84,47,115,0,383,29,50,62,77,179,29,7,4,160,28
0255a,829,827,271,343,231,714,0,1385,147,180,220,783,1167,141,1,34,629,212
0255b,719,739,330,345,277,712,1,1328,252,293,289,1317,1477,163,20,47,740,288
0255c,801,838,215,278,226,715,0,1489,126,183,257,802,1075,150,7,22,623,188
0255d,888,925,244,286,298,781,0,1395,226,215,208,1282,1360,106,4,45,668,190
0255e,645,924,207,291,285,662,2,1543,201,189,324,947,1300,147,3,56,583,294
0255f,567,570,225,343,167,514,0,886,105,164,305,645,740,125,1,18,502,119
0255g,967,1365,359,570,409,1317,0,2137,249,398,438,1196,1615,198,6,35,1016,247
0255h,322,370,110,168,92,271,0,575,38,98,178,246,497,71,1,7,265,85
0257d,640,770,170,224,239,744,0,1413,165,169,149,916,1039,106,5,11,604,180
0257e,679,792,153,251,267,720,0,1626,155,198,179,880,1106,109,10,12,653,230
0259a,462,735,312,340,229,574,2,1036,142,177,530,452,850,152,5,6,585,225
0259b,387,795,329,428,156,605,1,1118,130,208,518,429,1000,176,3,4,601,134
0259c,406,766,283,396,136,618,4,1082,80,169,500,251,815,163,4,5,538,185
0259d,408,647,325,334,163,549,6,1050,77,199,528,249,810,153,4,1,558,145
0264a,254,300,127,171,176,203,1,912,95,81,75,141,494,79,0,2,318,35
0264b,359,410,192,175,112,273,1,751,143,73,107,193,574,76,0,9,321,25
0264c,295,479,122,146,147,271,1,1009,119,75,98,170,486,80,0,3,337,22
0269b,235,341,97,129,66,324,0,564,88,92,104,295,347,87,1,2,275,59
0269c,302,394,99,161,129,331,0,689,61,60,113,220,440,73,0,3,288,66
0269d,164,197,63,93,63,182,0,366,13,43,80,114,185,49,1,0,174,12
0271a,161,126,60,82,47,128,0,339,29,53,36,128,247,44,2,1,164,47
0271b,209,200,47,82,56,145,0,499,49,62,42,125,270,41,1,10,174,51
0271c,267,274,84,121,115,197,0,720,82,103,83,132,447,77,0,1,300,20
0271d,133,178,51,70,53,160,0,475,42,50,53,171,273,50,2,0,192,71
0272a,148,197,85,127,57,134,0,334,37,75,156,84,278,69,0,4,227,29
0272b,189,247,104,97,67,164,0,425,41,60,68,115,263,28,12,2,185,26
0272c,148,219,77,139,37,148,0,391,50,51,97,92,215,62,13,10,168,31
0272d,138,209,88,109,59,209,0,371,41,78,109,178,296,43,10,1,201,38
0272e,557,623,239,358,159,512,0,1106,107,136,257,431,693,161,2,2,507,61
0275c,264,390,163,220,110,286,0,606,79,99,167,224,444,59,2,0,374,97
0276a,173,236,74,79,79,153,0,458,13,57,91,54,176,53,4,1,233,21
0276b,117,246,89,85,73,154,1,404,23,54,140,114,177,41,0,0,217,52
0276e,149,212,92,86,77,130,2,426,21,60,94,112,181,53,7,6,229,38
0276f,667,823,259,266,254,532,0,1530,185,169,246,706,782,152,38,8,707,226
0276g,149,168,86,100,57,132,0,273,16,52,147,72,165,56,4,2,184,20
0276h,120,242,70,66,67,147,0,360,17,52,110,161,189,54,0,0,197,24
0278b,214,286,79,182,139,202,0,577,62,82,143,189,384,94,2,0,289,13
0278d,183,146,76,97,86,104,0,432,25,49,72,156,293,53,10,0,192,76
0281a,272,282,85,122,73,215,0,565,50,65,108,61,350,57,0,4,223,19
0281b,500,779,137,237,162,741,0,1378,251,156,152,306,708,89,0,13,536,29
0281c,240,339,76,126,63,242,0,641,72,54,80,87,371,53,0,4,245,29
0281d,474,686,195,264,162,581,0,1400,96,188,202,241,686,113,0,6,601,27
0285a,140,219,68,118,73,164,0,355,17,66,135,106,176,73,0,0,206,0
0285b,78,123,51,95,37,101,1,202,7,46,133,39,131,55,0,0,128,1
0285c,167,179,60,129,52,178,1,334,19,66,94,80,240,49,0,0,175,10
0285d,117,182,68,123,22,202,0,361,11,55,98,17,212,66,0,0,194,3
0285e,175,253,74,147,60,181,0,366,25,79,212,136,243,92,0,1,252,40
0287a,205,276,79,127,49,223,0,632,23,54,69,89,251,46,5,0,254,22
0287b,233,278,78,109,56,290,0,624,48,49,43,119,292,28,5,3,229,38
0287d,227,321,107,119,60,288,0,789,54,65,76,63,270,62,4,3,310,45
0291b,198,285,99,111,160,185,0,697,105,66,83,218,449,42,2,2,255,37
0291e,194,338,72,113,118,274,0,713,49,65,73,235,362,24,0,6,269,49
0292a,197,363,123,157,77,257,0,517,36,87,199,183,262,87,0,2,264,30
0292b,197,360,142,139,74,302,0,453,31,68,183,120,197,80,0,0,236,15
0292c,254,420,164,223,120,450,0,647,35,87,244,234,246,135,3,3,334,65
0292d,205,306,120,159,84,239,0,460,54,81,117,243,283,55,0,2,211,57
0292e,146,280,95,134,61,256,0,412,54,72,116,198,243,51,0,2,199,63
0292f,637,929,327,396,191,722,1,1450,266,185,295,918,930,149,22,9,692,206
0293a,695,854,217,259,140,630,0,1260,178,168,156,668,772,81,9,18,561,93
0293b,637,771,227,250,133,644,0,1287,202,148,167,452,781,96,1,21,597,45
0293c,345,347,99,102,99,248,0,741,65,46,66,126,402,34,4,8,248,75
0293d,660,779,223,200,136,671,0,1363,179,128,131,438,718,90,6,10,562,68
0294a,212,289,122,194,73,238,0,450,10,92,194,63,171,96,0,0,236,0
0294b,249,367,154,209,89,330,0,547,15,95,221,128,350,96,0,0,290,101
0294c,151,149,53,114,37,145,1,252,18,46,134,104,172,67,0,3,158,21
0294d,117,133,66,94,38,128,0,225,6,42,131,35,139,50,1,0,148,31
0294e,114,187,84,105,54,172,5,335,8,48,138,38,185,61,0,0,175,5
0294g,212,331,124,168,66,262,1,540,16,78,212,71,219,87,0,0,259,22
0294h,362,397,195,281,92,390,0,688,15,112,257,13,271,142,0,0,362,5
0294i,165,254,114,183,56,319,0,455,10,50,158,47,293,74,0,0,227,15
0294j,231,320,142,163,75,260,0,484,10,68,210,65,231,88,1,0,217,20
0296c,346,381,122,171,143,330,1,960,95,112,108,231,675,65,0,4,377,56
0298b,207,285,68,110,91,237,0,585,68,38,54,142,267,49,1,6,221,16
0299a,233,311,90,122,84,207,0,700,31,49,57,135,302,56,0,8,251,10
0299b,205,217,75,120,51,218,0,549,2,53,47,25,212,46,0,1,194,7
0301a,248,258,76,102,62,243,0,604,23,52,64,69,256,47,22,0,219,5
0302c,137,231,94,116,62,185,0,376,46,62,130,157,353,62,0,1,222,77
0302d,172,186,83,95,66,144,0,353,39,55,72,148,296,40,4,4,183,57
0302h,547,655,348,369,191,537,0,1261,147,213,295,486,973,214,21,14,685,120
0303a,288,316,175,249,91,275,0,759,62,92,236,85,578,134,2,3,292,63
0303b,263,307,215,282,147,255,0,488,67,104,208,179,454,140,0,3,314,54
0303c,144,335,122,161,51,294,0,418,13,77,134,130,195,100,0,0,231,2
0303d,162,269,102,136,90,239,0,431,6,64,153,53,224,59,0,0,220,8
0303e,104,169,107,135,43,183,0,248,4,55,150,87,115,60,0,0,169,0
0303f,95,118,59,95,47,130,0,240,21,56,111,33,80,70,0,1,166,0
0303g,102,138,76,158,45,163,1,342,13,47,102,54,212,64,0,0,140,14
0303h,338,428,174,268,127,354,1,713,35,105,269,144,454,139,0,4,343,31
0303i,233,231,140,252,81,291,0,616,64,69,154,94,376,98,1,17,217,16
0303j,265,314,157,235,86,233,3,549,15,101,224,58,258,110,0,1,317,13
0307a,253,328,106,186,86,250,0,639,56,98,108,183,374,77,3,0,299,9
0311k,156,145,95,162,32,141,0,289,24,53,120,28,161,66,2,1,192,7
0311l,351,353,163,304,149,296,2,836,60,179,269,185,471,130,2,3,516,46
0311m,73,60,20,53,19,77,0,116,4,17,30,0,46,22,0,1,43,3
0312a,279,355,111,200,93,323,0,555,65,104,128,336,364,84,8,2,303,69
0312b,270,388,134,191,97,276,1,624,66,67,123,380,442,80,10,3,274,81
0312c,302,375,134,280,123,383,0,815,156,121,133,293,404,119,15,4,352,141
0312d,225,405,99,166,100,302,3,595,101,77,76,410,367,62,0,9,254,85
0312e,194,360,128,236,110,301,1,542,64,107,140,383,360,110,3,0,288,83
0312f,232,322,131,171,104,292,0,649,112,85,109,387,408,69,9,16,276,98
0312g,320,363,116,151,125,297,2,607,82,71,121,338,486,63,6,4,250,68
0312h,416,770,206,340,203,672,2,1093,126,112,268,759,774,127,5,7,500,103
0312i,309,381,127,190,87,343,1,603,62,65,86,386,409,71,4,1,243,74
0314a,264,380,83,135,101,303,0,629,78,79,93,150,302,46,0,0,261,9
0314b,350,455,154,195,158,334,0,797,139,108,186,142,469,108,0,0,368,43
0314c,320,534,147,206,152,402,0,950,120,118,132,304,519,91,0,5,411,14
0314d,203,336,71,74,99,284,0,606,71,50,59,68,277,37,0,0,211,12
0314e,185,231,55,71,76,215,0,458,30,49,53,69,237,15,0,0,176,12
0314g,231,313,86,71,93,235,0,519,67,55,91,81,249,55,0,0,255,18
0314i,254,371,56,120,103,376,2,469,51,68,78,456,314,43,1,5,212,81
0315c,255,342,101,165,105,404,0,598,84,78,137,445,600,69,1,0,254,147
0315d,293,387,106,173,92,350,0,681,197,70,100,641,735,63,1,10,296,208
0316a,292,283,124,108,81,249,1,516,30,40,125,57,393,37,1,1,242,22
0316b,364,413,131,139,116,310,3,753,73,67,124,133,627,68,4,6,388,56
0316c,291,390,165,131,150,335,0,765,64,52,183,106,693,65,0,7,361,40
0318e,203,405,101,116,117,235,0,500,102,90,144,435,460,51,1,4,301,88
0318f,380,613,185,217,149,467,0,760,143,133,215,622,603,82,1,6,406,97
0318g,296,360,145,140,124,224,0,613,52,106,171,210,572,52,1,8,255,46
0319a,571,764,215,313,171,608,4,1449,128,110,278,131,899,95,1,19,414,43
0319b,415,701,164,271,206,553,1,1049,92,177,254,321,787,92,2,12,371,51
0320f,243,342,112,185,122,217,0,731,115,87,104,131,374,66,0,8,290,4
0320g,255,294,97,159,110,194,2,547,106,68,120,192,396,45,0,8,258,21
0320h,135,241,67,93,77,105,0,401,122,39,55,102,279,39,0,5,178,9
0320i,363,503,181,256,174,241,2,931,196,123,182,274,708,113,0,4,454,1
0320j,426,509,166,230,217,318,1,1015,220,85,144,371,874,78,0,8,447,9
0324b,176,279,83,107,46,191,0,455,60,61,89,192,393,55,5,1,165,75
0350a,473,737,195,233,162,719,2,1108,133,123,172,453,774,84,0,3,444,55
0350c,155,219,50,96,64,208,1,398,23,47,74,74,290,40,1,0,161,5
0352a,304,428,108,190,118,381,0,696,108,78,112,345,382,61,3,15,322,106
0360a,66,70,20,25,30,50,1,154,24,16,18,55,124,9,0,0,65,0
0360b,116,133,15,28,46,108,0,265,30,21,24,86,163,12,0,4,86,0
0360c,338,496,147,195,126,393,0,869,133,114,128,233,564,101,9,9,411,162
0360d,264,411,64,136,90,281,0,609,124,63,103,202,348,85,3,2,268,126
0360e,298,354,113,143,187,261,4,726,144,91,141,303,543,82,3,37,364,174
0368a,163,264,81,162,124,182,3,584,54,77,164,79,276,58,0,0,296,0
0368b,273,271,108,153,94,167,2,479,62,66,107,152,319,61,0,0,203,0
0374b,258,457,174,179,119,413,0,717,141,93,100,494,603,78,8,11,345,170
0376a,278,324,83,180,43,281,0,587,73,75,112,159,277,59,16,5,248,153
0377a,280,354,188,222,73,234,0,658,65,137,179,195,448,80,4,3,344,76
0377b,322,395,164,250,101,276,0,776,73,115,154,257,571,91,6,9,388,141
0377c,311,479,164,242,106,368,1,867,159,128,144,480,548,120,9,22,454,190
0380a,255,373,129,159,112,230,0,605,88,95,117,298,405,57,0,3,301,73
0380b,201,311,105,166,98,205,0,592,140,71,88,233,289,62,5,26,226,94
0380c,290,319,131,206,107,229,0,590,102,94,134,257,406,57,0,9,276,89
0380d,274,295,130,186,135,241,0,741,102,88,164,256,455,82,2,4,341,83
0387a,491,708,182,260,198,485,6,1168,101,171,269,270,804,80,1,20,417,48
0387b,510,724,179,295,217,521,3,1174,141,170,309,249,939,73,1,31,431,43
0390a,226,473,122,234,46,450,0,687,24,124,265,75,302,90,0,0,335,57
0390b,188,475,115,226,84,369,0,687,22,125,322,57,315,86,0,2,315,19
0390c,248,445,119,188,78,375,0,650,51,119,259,113,373,69,0,5,330,70
0390d,124,296,53,143,32,242,0,436,9,73,176,51,210,56,0,1,210,10
0391c,227,317,108,99,79,313,0,544,107,63,77,402,414,35,3,3,246,109
0391e,272,335,97,121,89,282,0,628,126,75,79,469,580,71,6,12,234,157
0392a,176,183,88,123,37,131,0,390,41,73,119,20,114,58,0,1,222,66
0392b,265,296,92,137,68,277,0,484,43,40,100,81,142,46,1,0,204,61
0392c,115,249,61,68,58,233,0,394,30,30,78,74,91,33,0,0,210,39
0393b,317,404,124,173,119,270,0,796,72,88,202,437,681,82,6,4,334,158
0397a,320,443,88,188,134,409,0,856,134,115,130,525,422,88,2,8,394,145
0397b,341,894,131,362,156,730,1,1407,382,225,247,697,725,163,1,30,608,346
0397c,299,634,129,297,108,620,0,1209,296,233,224,525,563,139,7,23,565,238
0398c,296,310,127,202,110,296,5,756,128,108,90,300,476,74,6,13,373,214
0398d,407,440,126,203,122,351,0,891,153,101,94,558,728,56,12,7,383,271
0399a,248,310,105,117,71,237,0,709,33,66,91,115,412,67,12,3,308,13
0399b,220,325,105,100,87,294,2,659,28,57,64,214,410,56,14,5,265,15
0399c,339,450,107,114,83,425,0,833,106,89,86,287,576,47,3,1,347,12
0399e,322,467,119,141,135,342,2,852,80,42,141,261,610,66,0,1,352,1
0399f,420,450,189,180,136,339,0,830,63,67,156,87,515,53,1,7,331,5
0399g,197,333,121,140,94,274,0,600,56,73,126,214,320,37,12,2,282,101
0401a,256,441,138,193,165,276,2,810,113,102,169,148,763,73,0,9,385,13
0401c,422,542,170,230,230,327,1,1069,159,112,187,697,1472,80,4,5,512,218
0402a,454,756,139,266,232,450,0,1524,107,253,196,307,776,132,0,6,605,36
0402b,442,655,144,202,243,400,0,1519,123,148,210,261,712,156,0,0,536,35
0404a,390,508,125,174,165,398,0,919,100,105,107,310,473,83,5,14,326,106
0404c,406,585,102,159,173,343,0,938,80,87,141,383,458,88,3,10,376,124
0404d,357,552,129,144,181,348,1,859,81,99,120,369,395,47,1,7,298,79
0405a,647,943,239,326,284,572,4,1581,131,178,319,200,1053,113,0,2,695,53
0405b,690,896,336,329,275,586,1,1582,106,170,231,196,1048,115,0,4,644,33
0405d,57,86,21,37,34,75,0,141,12,16,28,14,89,15,0,0,73,0
0407a,445,555,216,378,211,509,0,1074,41,189,461,236,689,194,3,1,643,50
0407b,709,879,308,434,301,926,0,1521,99,167,526,242,906,159,5,5,664,127
0407c,175,260,133,188,110,220,0,416,6,74,283,55,307,82,1,0,271,14
0407d,221,352,170,210,121,245,4,590,16,105,293,161,537,107,1,0,336,35
0408b,396,406,138,139,132,337,0,854,108,86,102,222,506,74,0,9,325,11
0408c,299,241,114,98,85,287,0,486,50,58,64,198,251,25,0,0,200,1
0408d,217,212,64,53,76,170,0,438,44,24,55,83,219,20,1,0,138,23
0408e,417,411,125,105,121,489,0,801,65,74,83,239,373,47,0,4,328,0
0408f,439,411,165,109,156,376,0,803,62,113,87,284,373,63,0,1,311,0
0408g,313,294,112,72,82,286,0,626,60,46,55,214,313,29,0,1,214,1
0409a,270,475,77,183,111,440,2,742,65,88,142,232,347,56,1,5,282,71
0409b,339,435,88,201,103,385,0,785,68,121,195,78,399,73,0,19,337,116
0409c,443,434,46,127,142,372,0,786,49,80,142,165,368,34,0,8,305,116
0409d,292,456,61,152,138,457,0,817,59,76,115,145,347,43,4,6,281,83
0409e,348,428,66,165,126,453,0,781,27,77,140,107,396,47,0,7,292,92
0409f,342,499,82,165,137,538,1,1018,61,86,122,153,535,51,1,11,326,144
0410a,429,909,156,318,136,498,0,1297,356,176,214,775,1012,122,4,48,493,319
0410b,433,534,131,189,123,450,0,858,221,80,72,650,830,89,21,11,412,195
0410c,543,403,96,153,87,250,1,660,151,49,105,472,699,55,25,21,309,158
0410d,312,459,107,240,76,386,0,711,143,104,101,379,561,98,8,4,364,189
0410e,345,414,73,148,63,276,0,554,116,59,85,333,382,49,7,9,234,131
0411a,230,455,114,192,141,398,0,766,108,70,147,387,404,76,7,3,326,162
0411b,272,374,63,105,108,384,1,549,61,50,118,388,355,57,0,6,228,93
0411c,301,602,217,331,171,674,2,1057,210,207,266,688,576,177,4,11,579,229
0413a,225,263,74,74,70,218,0,454,34,48,96,56,321,39,0,5,225,11
0413b,230,268,106,141,49,226,0,526,52,86,130,125,459,85,0,2,230,11
0413c,597,846,219,192,236,818,0,1500,98,115,241,258,886,101,0,13,592,65
0413d,408,830,228,242,154,801,0,1149,103,153,234,474,889,112,0,6,536,60
0413e,437,712,215,249,160,591,0,1227,130,171,200,264,930,97,0,10,553,28
0417b,231,497,118,183,110,403,0,692,154,68,148,504,478,85,7,4,343,112
0417e,308,465,137,207,148,321,0,954,63,127,205,155,481,77,4,10,403,108
0422a,424,683,240,422,163,493,0,1224,119,269,375,235,838,199,0,16,694,29
0422b,472,691,242,440,154,522,1,1285,138,162,388,147,859,164,0,24,632,32
0423e,392,621,88,116,170,419,0,1027,185,90,66,548,619,62,8,13,336,222
0428a,402,707,195,245,128,471,0,1015,119,113,220,410,706,118,19,15,470,176
0428b,456,712,212,214,127,427,1,1130,152,109,198,556,799,105,97,13,545,190
3001h,189,266,85,99,87,209,3,551,47,52,83,190,367,45,1,6,257,85
3001i,191,281,90,84,75,203,0,471,88,37,62,233,295,25,1,6,225,37
3001j,202,255,84,73,64,175,0,451,16,49,128,134,236,38,0,0,196,27
3013b,158,150,76,58,119,99,2,518,77,39,39,131,477,36,0,1,203,0
3013c,187,274,90,121,90,147,0,551,64,45,167,71,395,75,0,0,294,4
3013d,276,407,146,173,150,250,6,914,88,93,185,115,500,104,0,0,428,0
3013f,255,387,175,262,209,324,0,810,52,159,366,135,492,124,0,0,535,21
3014a,243,346,88,151,66,257,0,548,75,71,151,207,463,62,0,0,258,0
3014b,273,374,163,228,92,269,2,667,62,69,135,151,504,80,0,0,292,6
3016b,244,301,123,116,88,194,1,645,39,64,74,190,455,59,5,5,240,4
3016c,301,392,138,138,100,293,1,683,18,53,184,107,433,90,0,24,281,1
3016d,286,348,181,151,85,223,0,505,45,58,150,241,401,113,0,3,269,1
3017c,268,313,139,194,175,218,0,1031,134,89,103,331,753,57,10,5,387,82
3018c,255,275,92,135,97,256,0,659,74,69,89,126,401,53,0,0,273,8
3018d,193,236,115,158,81,257,0,553,22,102,147,46,316,57,0,0,299,7
3019a,113,141,61,180,36,170,0,303,20,68,158,89,210,80,8,3,194,19
3019b,144,154,77,173,59,135,3,288,16,67,161,77,259,92,0,1,216,22
3019c,129,183,86,173,57,154,1,342,20,71,125,81,211,80,1,0,198,26
3019d,183,246,103,215,82,253,1,495,19,74,139,66,331,75,0,2,239,27
3019f,212,244,92,182,59,249,2,450,47,82,110,124,321,95,0,5,214,22
3019g,153,338,109,231,67,298,0,509,53,117,165,225,370,86,0,3,267,25
3019h,177,249,108,253,85,278,0,459,56,107,134,122,338,91,1,4,239,14
3020a,152,175,82,111,83,158,1,419,43,44,47,45,249,28,0,2,205,0
3022c,106,175,95,119,59,166,2,301,54,46,60,117,259,51,0,0,160,1
3022e,231,270,140,184,79,271,1,549,92,53,136,87,425,76,0,0,265,6
3025b,181,241,81,114,91,183,1,498,8,48,108,145,316,43,0,1,223,51
3025c,303,424,125,207,142,367,2,837,27,71,164,119,457,57,7,3,424,54
3028a,375,405,141,175,91,306,3,784,71,59,108,91,372,55,5,2,330,30
3028b,527,593,183,196,98,380,0,985,145,88,193,179,521,70,3,17,404,26
3028d,497,649,186,284,164,423,1,933,188,99,182,412,548,88,4,20,408,58
3029a,355,363,87,148,118,226,1,804,87,82,73,209,549,38,0,1,367,45
3029b,227,328,83,120,89,195,0,515,95,47,42,148,292,33,0,6,245,19
3029c,314,323,101,121,126,168,0,710,106,47,35,233,514,40,0,0,277,27
3029d,319,365,125,165,99,207,0,644,119,63,74,235,446,57,2,0,275,31
3038a,197,328,126,182,93,234,0,594,97,67,179,72,236,76,0,17,279,20
3038b,185,293,93,126,70,241,0,430,63,54,91,145,184,67,0,12,214,1
3040a,172,240,103,146,74,173,4,477,59,52,99,90,345,69,0,1,254,10
3040b,169,247,132,125,63,176,0,439,89,49,91,109,323,70,1,1,215,3
3040d,83,154,50,82,43,87,0,304,38,44,51,57,194,39,0,0,160,1
3041a,149,223,65,172,94,212,1,537,46,62,127,69,276,73,0,0,273,0
3042d,309,316,130,121,143,214,0,592,98,39,91,248,506,38,0,10,232,52
3042e,290,341,159,166,126,224,1,713,84,100,188,95,568,62,0,14,349,53
3048b,359,435,138,158,154,417,0,845,54,113,194,385,541,82,2,4,377,110
3053a,185,206,69,129,101,168,1,359,25,66,145,131,318,40,3,1,221,8
3053b,161,295,69,139,103,205,1,614,30,38,98,108,320,44,0,6,240,1
3055a,189,230,100,102,46,164,0,359,5,41,97,22,175,31,0,0,155,4
3060a,205,274,80,133,87,167,1,638,103,55,61,273,489,38,0,2,253,0
3060c,274,251,101,126,112,153,0,573,40,40,92,113,295,63,0,1,211,19
3060d,255,258,103,109,102,160,0,586,65,37,68,97,374,56,0,1,227,1
3061d,180,253,104,107,86,248,1,540,48,52,110,58,324,65,0,0,221,3
3063d,236,257,90,127,66,139,1,526,76,61,81,124,380,61,0,3,228,20
3073b,439,767,238,203,305,481,6,1711,148,144,129,295,892,108,3,10,554,36
3074a,175,249,68,75,124,186,1,590,69,46,58,131,333,35,0,0,152,20
3075a,104,135,42,86,43,111,2,285,26,32,41,88,203,30,1,0,152,6
3075b,221,249,107,178,104,251,0,571,48,95,135,73,382,71,0,4,288,2
3086a,216,414,158,129,97,315,0,549,74,108,236,440,483,57,1,2,343,82
3088a,164,177,63,92,64,160,0,397,18,31,84,22,129,42,0,0,194,0
3088b,105,189,48,102,48,133,0,329,10,41,119,35,134,46,0,0,163,0
3098a,141,177,43,85,48,131,0,265,7,29,71,58,157,27,0,1,136,0
3099b,164,163,76,127,54,165,1,331,15,60,108,58,205,67,0,0,159,4
3099d,141,156,78,166,47,152,0,304,14,57,159,13,184,48,0,0,173,7
3101a,139,220,73,156,74,280,0,472,44,74,112,57,270,69,0,0,239,0
3101h,74,95,37,104,35,131,0,253,28,35,57,51,158,47,0,0,124,0
3107a,72,90,43,40,27,57,0,165,12,32,64,16,116,22,0,2,90,6
3118a,183,304,118,127,82,180,0,531,31,58,98,77,288,40,0,0,246,23
3121a,286,456,182,298,203,507,4,1133,137,127,173,243,791,114,0,2,495,36
3125b,235,269,78,137,54,208,1,521,57,43,76,86,283,55,0,0,228,0
3125d,176,186,77,89,50,76,1,386,43,80,61,65,198,52,2,1,186,0
3125e,216,224,84,162,45,118,0,442,67,90,121,114,256,85,0,0,241,0
3125g,226,231,109,153,49,156,0,343,48,53,88,263,247,57,6,0,199,0
3126b,185,263,99,161,85,215,2,499,45,85,179,80,379,64,3,5,270,2
3127a,291,371,125,218,190,296,1,866,69,112,243,118,566,82,0,4,452,23
3127b,288,379,153,255,125,348,1,776,91,106,214,183,583,95,13,6,413,49
3128a,282,394,88,155,103,294,1,831,45,89,189,61,444,47,0,1,345,27
3128b,299,433,140,210,110,368,2,826,62,69,193,155,498,48,1,2,336,23
3135c,188,295,119,141,115,282,1,510,29,63,181,213,366,63,0,0,266,57
3145a,246,275,60,183,70,211,1,607,29,106,179,135,262,70,0,13,312,38
3145b,221,346,112,216,81,275,0,525,42,126,176,295,324,98,9,4,324,80
3145c,294,256,96,197,84,228,2,509,44,97,150,178,276,68,0,11,246,50
3147a,180,277,89,167,95,230,8,426,54,65,183,416,526,72,3,1,277,135
3147c,196,226,106,216,71,220,17,489,46,86,181,253,518,88,1,4,277,128
3147d,179,285,114,199,104,301,5,505,45,132,203,449,525,105,1,1,372,111
3147f,145,244,98,185,83,274,6,429,45,107,144,277,434,78,4,0,290,134
3152a,128,169,56,129,81,131,0,465,43,45,69,92,281,44,0,0,183,0
3159a,116,248,95,131,90,208,8,425,46,92,184,125,286,59,0,0,330,9
3162a,221,320,110,170,84,243,0,564,72,67,154,92,235,98,0,1,305,0
6006a,583,682,253,298,261,415,1,1262,308,118,165,425,935,138,0,60,523,26
6006c,617,697,203,242,164,562,2,1028,361,92,145,551,1011,92,1,50,445,21
6006d,576,653,208,283,173,491,2,1242,389,92,125,431,1085,139,1,68,455,22
6006h,68,95,20,36,20,69,0,166,3,15,27,50,63,17,0,0,62,2
6006i,97,111,40,64,22,99,0,170,4,11,42,44,73,16,0,1,74,0
6009b,168,274,109,162,116,285,2,627,99,100,158,132,397,62,1,6,298,22
6009c,154,197,115,151,109,138,0,387,59,55,77,80,356,57,4,21,200,37
6010b,171,216,67,98,67,136,2,411,37,44,102,80,274,42,1,0,202,3
6010e,292,379,110,154,159,233,2,817,83,109,148,117,456,82,3,9,383,53
6010f,159,341,88,148,97,243,2,592,46,78,109,102,279,50,9,1,313,37
6010g,190,250,111,159,111,214,0,574,60,65,99,59,369,54,87,13,265,63
6018b,218,290,111,114,84,161,2,503,63,55,129,207,345,53,7,6,242,57
6018c,41,56,32,44,31,27,0,103,18,28,46,45,61,12,0,0,85,22
6018d,35,57,26,54,20,41,1,120,6,26,34,25,53,18,0,0,84,9
6018f,281,388,169,208,139,242,4,734,33,104,217,78,339,108,0,0,353,10
6020b,220,273,66,91,59,208,0,491,87,68,92,64,285,79,0,2,239,1
6020d,256,402,112,160,102,262,1,503,102,68,154,285,400,64,0,18,291,39
6024b,238,339,79,126,91,313,1,641,73,71,129,125,356,75,1,11,306,28
6024c,209,301,76,139,77,293,1,569,54,47,110,79,324,72,0,1,250,15
6029a,115,228,88,152,63,182,2,347,29,66,241,164,294,82,0,8,254,13
6029b,133,309,87,137,120,210,0,409,62,76,308,256,332,85,1,13,316,8
6029d,96,256,66,121,81,187,1,315,13,64,232,225,173,59,0,3,237,17
6032b,214,281,99,137,85,265,0,514,25,58,116,74,221,40,2,1,210,5
6033a,167,343,74,142,57,238,0,530,45,22,137,103,188,41,0,0,247,52
6033b,321,378,187,291,109,281,0,683,17,89,231,140,249,116,0,5,380,4
6033c,262,432,197,324,94,359,0,628,19,65,226,161,272,101,0,1,358,3
6033d,335,434,178,265,96,324,0,788,17,75,230,106,299,94,0,1,353,2
6033e,316,453,191,264,86,321,0,713,108,57,175,241,411,100,0,1,357,1
6033h,139,316,104,180,62,219,0,355,27,52,201,209,204,55,0,1,232,56
6038a,204,245,90,96,78,176,1,474,51,41,69,96,507,28,48,5,197,40
6038b,209,193,54,80,62,188,0,398,84,25,39,108,409,40,83,1,170,61
6038d,382,481,134,150,106,367,1,804,120,48,146,159,691,90,72,5,352,78
6039a,152,243,72,113,56,230,0,387,51,33,88,173,241,55,4,2,164,4
6039b,170,297,74,86,55,257,0,397,53,21,76,133,194,36,2,2,159,2
6039c,50,98,31,34,14,71,0,178,9,12,16,36,67,11,2,1,68,10
6039d,126,226,91,103,55,181,0,350,37,39,122,85,190,53,1,1,173,9
6040a,136,258,79,147,68,183,0,395,81,43,117,272,282,62,0,0,205,73
6042a,196,207,75,108,55,112,0,356,32,43,77,41,180,41,0,1,183,1
6044a,187,263,76,119,91,237,3,494,45,33,73,86,334,59,2,14,205,49
6048a,175,269,112,153,86,220,1,521,46,92,132,108,428,69,9,3,236,27
6053c,145,323,78,125,59,264,1,423,46,65,134,186,282,65,2,1,272,15
6053d,202,402,110,194,97,275,0,483,67,154,232,312,368,78,0,1,379,8
6053e,177,331,102,177,72,214,0,529,46,77,200,120,265,72,0,1,290,40
6053f,220,301,93,190,78,235,0,443,70,97,158,157,258,86,0,3,269,10
6053g,304,377,101,227,85,281,8,504,77,80,224,170,318,102,0,4,323,29
6053h,201,338,92,171,62,231,1,464,29,92,162,148,201,87,0,1,257,0
6053i,111,260,68,100,53,172,0,361,84,70,147,166,200,54,0,8,230,63
6054a,116,197,90,108,65,159,0,285,13,66,180,130,246,40,0,1,179,25
6055b,201,199,51,65,57,96,0,358,25,26,67,52,218,38,0,0,179,26
6055d,255,311,51,121,109,140,1,625,31,30,58,96,345,31,0,20,233,56
6057a,199,310,54,135,53,240,0,483,46,31,63,169,173,53,0,2,171,2
6058a,344,427,152,186,110,260,0,727,124,60,146,254,453,70,0,1,286,44
6058d,222,328,117,145,92,311,0,562,57,52,108,126,312,55,24,2,209,48
6058e,219,249,106,142,87,229,0,504,76,42,83,67,331,50,30,2,167,29
6059a,261,334,115,205,137,236,1,691,36,87,149,76,306,103,0,4,325,1
6059b,171,233,118,156,83,148,1,361,22,49,166,134,300,56,0,0,225,8
6059c,223,269,79,170,62,263,1,499,28,47,117,53,293,65,34,3,248,3
6059e,144,239,80,172,75,217,1,443,20,62,152,125,309,57,5,0,272,9
6060a,232,321,114,187,70,286,0,542,19,84,157,65,238,72,0,0,304,9
6060b,94,132,60,82,60,141,1,250,12,24,70,103,117,34,0,0,154,8
6060c,158,146,59,121,78,120,0,325,5,41,108,43,148,53,0,0,160,3
6060d,72,195,66,113,60,162,0,275,10,42,150,172,130,34,1,0,196,10
6061b,182,216,75,119,47,187,0,539,27,45,75,114,500,42,6,21,279,40
6061c,178,273,107,137,75,260,0,465,27,57,133,76,263,49,1,1,255,5
6064a,426,526,202,178,166,472,0,1024,226,110,168,201,892,48,2,26,377,40
6064b,195,225,87,108,65,193,2,472,49,31,82,69,324,28,47,5,174,64
6064c,397,525,174,144,174,436,6,997,173,86,205,261,750,63,5,21,383,115
6064e,185,284,102,124,82,219,0,501,63,43,75,65,337,51,7,0,174,24
6066a,149,280,107,140,78,189,0,338,5,66,187,209,179,51,0,2,191,45
6066b,222,329,111,173,85,264,0,464,19,76,155,146,244,86,1,2,241,64
6066c,157,273,106,139,76,181,0,415,32,77,209,99,167,57,0,10,224,34
6066d,218,314,103,142,93,259,0,486,47,84,166,163,203,74,0,5,269,75
6066e,180,308,103,127,96,225,2,471,45,60,166,107,196,63,0,10,251,58
6066f,162,282,91,104,72,217,0,443,26,59,126,142,224,52,0,1,206,30
6066g,212,416,143,243,117,312,1,592,48,126,330,211,290,140,1,7,409,42
6066h,231,355,146,106,110,356,0,565,12,53,231,103,143,70,1,2,300,15
6067a,196,228,79,94,56,165,0,424,35,63,119,59,274,79,0,5,239,4
6067f,177,248,109,135,99,195,0,544,26,115,133,75,276,61,2,1,240,1
6073a,224,239,69,103,84,255,0,320,23,52,99,216,263,42,0,1,206,3
6073b,164,226,72,100,70,242,0,404,17,29,73,110,268,28,0,1,159,1
6073d,159,325,72,86,77,321,1,442,23,42,114,201,266,36,2,1,226,40
6073e,146,310,79,139,65,262,0,313,27,64,89,346,285,45,1,0,214,23
6073f,179,289,91,146,60,349,0,496,29,69,116,223,359,71,1,1,250,36
6073g,225,396,123,185,115,346,2,568,16,73,124,251,364,54,0,0,295,21
6076a,223,430,173,200,122,351,0,582,76,108,225,220,346,92,3,17,336,67
6076b,242,484,214,213,109,448,0,717,67,113,263,212,412,111,1,12,432,109
6076c,276,493,228,238,164,307,4,670,54,123,331,245,403,117,8,0,413,83
6076d,237,383,165,134,91,252,0,484,46,116,182,206,303,64,1,2,290,97
6076e,351,431,188,183,111,439,1,626,39,102,205,155,353,79,0,1,335,98
6076f,216,302,144,129,90,236,0,432,11,84,156,121,171,61,0,0,260,19
6076h,139,219,154,94,58,156,1,328,13,93,187,87,186,44,0,1,216,0
6118a,161,219,120,160,50,151,0,400,134,44,71,114,336,41,0,7,204,1
6118d,102,192,80,110,53,166,0,274,49,40,106,162,253,38,0,10,165,26
6118e,134,204,90,116,53,161,0,348,68,58,99,136,312,50,1,4,219,31
6120e,283,405,192,221,123,224,3,715,39,99,179,63,345,138,0,0,383,7
6143a,210,318,99,94,110,231,0,445,27,45,93,140,187,51,0,0,188,0
6143c,137,281,111,100,88,268,0,416,29,51,124,157,237,49,0,3,243,2
6148a,168,286,97,215,77,198,1,460,44,95,149,139,333,82,0,3,257,45
6148b,95,208,65,183,69,167,0,358,28,71,175,125,285,65,1,0,239,42
6148d,108,190,51,126,62,165,1,297,44,41,122,126,243,34,2,3,170,38
6151a,146,290,126,156,89,221,0,376,79,65,208,140,317,47,4,16,243,13
6151b,171,309,122,135,106,232,0,408,67,39,191,249,323,53,1,4,251,15
6171a,570,693,165,286,202,589,0,1315,227,56,82,424,928,66,11,2,468,41
6171b,468,794,182,259,186,720,0,1387,284,64,88,504,962,74,0,30,547,23
6171c,344,487,111,163,121,367,3,886,207,21,29,311,719,26,0,20,346,37
6171d,332,426,77,184,142,393,0,937,60,28,38,176,511,30,0,1,322,15
6171e,347,428,95,144,116,389,0,771,107,27,62,275,493,35,1,4,319,16
6171f,317,494,104,210,100,428,0,837,71,48,73,155,451,32,0,2,306,18
6171h,295,374,96,179,109,371,1,707,72,52,63,163,449,40,0,3,298,22
6171j,316,510,117,165,120,460,0,883,183,21,55,260,616,30,0,20,314,21
6173d,271,339,77,120,110,313,0,673,54,57,88,46,468,22,1,2,247,35
6174a,158,193,86,165,57,163,0,416,11,49,142,34,142,74,0,0,233,0
6174c,262,318,115,177,88,344,0,663,32,104,196,79,410,103,2,3,379,1
6174d,269,335,116,200,62,266,0,653,72,85,121,108,360,125,0,1,309,25
6174e,206,208,99,147,52,188,0,477,64,75,94,84,349,94,2,5,296,27
6179a,165,196,70,104,53,163,1,305,43,35,112,154,240,42,2,0,129,62
6179b,172,264,74,118,73,237,0,352,44,45,112,244,298,44,1,1,151,37
6180b,338,341,84,112,117,241,0,681,39,39,64,142,259,52,2,1,257,24
6180d,359,376,90,90,107,191,0,692,23,61,71,113,200,49,2,0,295,31
6180e,358,339,118,213,78,271,4,658,84,177,246,349,461,141,0,0,379,101
6180f,298,350,170,206,79,337,0,666,40,123,165,163,350,131,5,6,359,85
6180g,141,246,82,112,45,173,0,426,11,84,131,27,156,59,0,1,217,18
6180h,166,264,61,121,49,197,4,460,10,88,115,53,186,64,2,1,260,36
6180k,471,515,126,140,154,325,0,866,46,121,130,352,436,53,1,0,364,15
6180m,285,311,100,212,57,267,1,533,49,95,183,136,391,123,3,4,306,85
6182a,109,166,64,74,29,145,1,290,10,58,71,57,171,31,0,1,140,9
6182b,86,155,39,71,31,112,0,222,10,50,71,80,183,25,2,4,129,12
6182c,149,264,88,97,53,178,0,345,23,74,156,181,241,38,0,1,203,34
6182d,157,253,96,99,54,180,1,338,33,56,136,181,293,48,2,0,193,53
6182e,229,337,106,148,72,280,1,602,79,75,129,219,513,68,10,2,321,127
6182f,240,336,95,121,50,206,0,481,67,46,83,197,332,45,3,4,194,67
6182g,222,332,100,142,73,217,0,599,49,48,92,103,262,45,6,22,247,90
6187b,175,299,67,110,101,213,1,493,33,40,144,112,277,47,0,3,215,25
6191a,196,272,77,159,80,198,0,517,36,33,87,133,234,42,0,2,202,1
6191b,146,249,78,190,61,219,0,451,46,44,94,117,210,44,0,2,189,1
6192a,208,270,98,151,83,191,1,431,25,64,143,84,230,58,3,5,203,33
6192b,229,279,90,134,114,184,1,450,21,100,196,137,293,49,0,2,270,50
6192c,101,205,45,102,71,159,0,307,13,43,133,67,192,43,1,1,158,34
6192d,137,266,54,113,100,196,0,435,8,49,125,71,202,27,0,0,173,16
6195a,86,125,67,78,37,131,0,193,8,37,85,81,111,36,0,0,137,2
6195b,143,236,103,132,83,195,0,337,33,52,143,158,278,56,0,0,171,1
6195c,196,305,128,160,104,256,0,460,39,51,224,175,324,58,2,0,258,1
6197a,146,255,57,89,39,184,0,414,10,67,108,47,155,39,1,3,156,18
6197b,146,181,74,128,37,187,2,318,18,45,136,29,161,62,0,1,188,27
6197c,219,185,85,134,45,170,0,381,5,55,128,41,163,62,1,0,183,23
6197d,105,200,60,95,43,169,0,323,11,50,129,37,178,48,0,0,183,12
6197e,125,182,75,133,27,211,0,361,11,64,146,21,162,59,2,0,221,15
6197f,218,278,89,146,29,289,0,485,12,64,109,21,192,60,0,0,225,16
6197g,175,279,93,119,47,269,0,488,7,50,106,37,168,58,0,1,200,4
6197h,152,273,88,145,44,233,1,468,10,90,116,80,230,68,0,0,249,38
6197i,203,309,107,149,53,266,0,510,11,78,161,76,231,80,0,0,237,36
6197j,206,271,127,161,40,274,3,410,11,103,164,118,223,89,0,3,295,37
6201c,228,502,216,312,149,417,5,768,74,137,509,337,644,176,3,10,458,159
6201d,161,292,116,174,60,233,0,466,69,91,243,211,505,107,0,25,280,108
6201e,221,467,177,203,126,390,0,694,123,116,353,357,735,135,0,20,461,134
6201f,157,307,109,177,85,279,0,458,69,58,143,182,324,103,5,7,262,84
6201g,325,624,241,290,150,460,2,900,145,127,534,308,830,188,1,38,600,342
6203c,296,459,182,158,120,370,0,769,67,67,178,135,423,68,0,0,313,17
6203d,280,450,157,148,110,328,0,758,44,61,185,81,364,52,1,1,310,13
6203e,339,530,199,175,137,444,0,814,50,85,175,274,464,67,0,2,397,22
6203g,337,531,193,178,123,358,0,834,42,44,145,248,409,57,0,1,305,32
6203i,219,361,151,184,95,357,0,611,18,65,153,35,225,46,0,0,274,11
6204b,276,368,145,218,145,254,0,677,83,48,127,200,386,47,7,12,293,3
6204g,210,332,103,146,125,272,0,613,38,41,134,116,242,42,0,1,266,4
6204h,188,207,85,165,77,183,0,459,45,34,105,82,203,38,1,2,172,0
6204i,247,301,87,141,116,276,0,608,36,40,95,72,245,24,0,5,223,7
6206c,246,307,105,177,87,197,0,643,153,121,72,182,453,64,4,4,283,21
6206d,253,345,127,124,92,141,2,508,148,58,88,251,440,59,0,4,269,33
6206e,272,355,115,170,79,169,2,545,134,81,100,211,371,79,0,4,297,56
6211a,207,424,172,228,104,397,1,580,158,147,196,632,542,97,41,6,420,243
6211b,171,267,143,195,93,301,0,485,35,91,194,157,337,88,2,1,291,113
6211d,161,269,56,132,51,244,0,377,92,56,100,194,259,40,0,27,211,142
6211e,215,477,137,199,105,408,1,503,110,81,225,628,478,77,7,13,343,194
6211f,357,635,177,254,139,561,0,842,258,136,274,775,622,108,2,32,536,281
6211j,298,351,134,136,113,319,0,518,174,48,104,273,425,44,0,2,266,208
