ID,"('AcademicTerms',)","('AcademicWritingMoves',)","('Character',)","('Citation',)","('CitationAuthority',)","('CitationHedged',)","('ConfidenceHedged',)","('ConfidenceHigh',)","('ConfidenceLow',)","('Contingent',)","('Description',)","('Facilitate',)","('FirstPerson',)","('ForceStressed',)","('Future',)","('InformationChange',)","('InformationChangeNegative',)","('InformationChangePositive',)","('InformationExposition',)","('InformationPlace',)","('InformationReportVerbs',)","('InformationStates',)","('InformationTopics',)","('Inquiry',)","('Interactive',)","('MetadiscourseCohesive',)","('MetadiscourseInteractive',)","('Narrative',)","('Negative',)","('Positive',)","('PublicTerms',)","('Reasoning',)","('Responsibility',)","('Strategic',)","('Uncertainty',)","('Updates',)","('X',)"
0001a,92,10,113,72,7,0,13,19,0,0,70,1,16,25,6,13,0,10,48,10,14,36,70,11,15,46,21,177,88,23,72,52,2,26,1,34,584
0001b,99,8,75,78,11,0,40,7,0,16,50,4,3,32,0,7,3,2,91,12,34,30,37,22,32,67,24,107,56,25,48,60,4,40,3,2,481
0001c,123,10,174,63,6,0,25,15,0,7,65,9,11,45,11,46,1,6,81,1,20,3,60,4,5,68,10,218,79,30,27,70,7,26,0,16,557
0001d,160,2,271,115,12,2,74,27,0,14,39,13,9,56,28,29,1,4,111,10,28,73,65,9,44,73,17,118,87,74,68,98,12,56,5,26,732
0001e,116,14,148,129,18,0,13,15,0,13,95,1,8,63,0,53,20,6,127,20,24,23,145,9,15,91,18,368,179,30,36,105,0,26,5,15,745
0002a,159,10,180,8,8,2,26,13,0,28,68,8,0,46,8,17,4,4,62,7,14,16,56,10,11,61,21,198,153,70,75,73,4,27,1,7,735
0002b,101,7,181,6,5,2,16,4,0,16,53,12,0,50,10,39,2,19,62,33,21,4,58,5,11,57,4,190,68,45,88,58,2,37,0,7,636
0003c,112,0,109,26,4,0,16,4,0,10,117,12,0,57,4,51,1,8,61,13,7,5,60,2,8,41,26,207,41,56,84,36,1,16,2,7,703
0003d,131,0,249,43,2,0,20,16,0,6,120,1,0,63,10,40,2,34,135,100,14,10,72,3,76,49,12,328,170,99,126,81,2,51,0,19,1389
0003e,94,0,247,66,2,0,25,8,0,14,131,4,0,42,24,27,3,26,131,178,17,3,30,6,93,57,18,368,146,84,160,56,8,62,4,22,1462
0003f,218,8,342,64,7,0,6,30,0,7,106,5,2,59,6,22,0,8,163,60,13,12,95,20,71,48,24,241,73,89,48,62,1,29,7,9,1275
0003g,314,8,158,30,0,0,52,27,0,14,83,11,3,70,10,34,0,13,194,9,21,21,60,14,17,101,22,212,90,41,59,80,3,38,1,2,1259
0003i,147,6,211,89,7,0,11,19,0,16,86,2,0,39,12,23,0,7,88,29,9,11,47,11,69,39,28,257,93,62,121,28,0,25,4,9,1112
0003j,133,4,224,53,0,0,38,37,0,16,71,2,4,54,43,16,0,4,148,19,24,34,44,15,73,54,33,148,114,114,184,53,16,36,4,7,1192
0003l,237,6,251,40,7,0,26,20,0,12,121,10,3,80,11,67,4,20,133,71,24,5,46,21,76,81,16,264,152,81,92,55,0,64,6,22,1335
0003p,66,5,197,50,0,0,14,6,0,4,88,9,2,47,16,14,0,5,32,2,4,2,37,0,17,39,2,209,117,62,66,35,5,48,2,5,662
0004a,156,7,175,21,19,0,11,12,0,12,57,11,0,29,10,6,2,6,39,16,9,17,38,15,8,45,2,150,77,52,39,37,3,19,1,0,655
0004b,306,17,177,61,23,0,16,1,0,16,49,11,9,43,14,36,0,5,106,9,24,39,38,15,47,91,16,101,114,43,53,106,10,50,2,9,760
0004c,298,2,363,57,12,0,31,25,0,11,128,13,0,83,24,37,1,9,148,11,45,60,76,15,21,119,11,194,138,191,112,113,2,143,3,29,1239
0005a,392,8,304,88,10,0,27,21,0,16,205,18,16,92,5,33,0,6,160,31,13,36,81,24,73,81,10,231,138,49,83,90,4,59,1,53,1250
0005c,394,12,666,197,15,6,41,52,0,20,471,23,39,153,41,57,2,8,219,61,39,72,116,37,152,110,26,549,435,189,196,123,6,121,4,31,2268
0010a,116,7,193,62,4,2,32,33,0,29,140,10,7,53,12,36,1,11,107,52,28,13,54,15,40,64,16,354,204,91,101,57,0,57,6,22,1049
0010b,148,4,199,122,8,0,44,25,0,12,113,13,6,86,15,25,2,4,56,39,24,9,38,7,50,51,22,300,128,91,106,51,8,67,11,3,1528
0010c,324,28,277,75,26,14,73,48,7,40,243,22,21,164,22,77,8,19,235,90,29,42,171,100,114,151,51,540,222,133,158,163,5,73,11,15,2268
0010d,231,16,412,136,12,0,34,28,4,16,78,21,4,102,12,15,1,5,107,56,25,17,76,1,65,51,9,351,126,96,104,75,3,68,1,13,1284
0010e,248,12,167,80,10,4,51,20,1,46,58,6,4,67,9,19,0,3,127,0,10,23,38,16,9,82,19,185,94,57,58,70,1,45,10,19,889
0012a,77,4,188,36,1,0,19,6,0,4,80,14,0,47,3,17,2,9,165,69,14,27,70,1,39,56,5,201,204,53,39,85,5,35,0,5,885
0012b,116,0,179,30,0,0,17,5,0,4,119,0,0,35,2,10,4,0,86,3,9,15,28,12,47,56,8,84,90,56,5,53,2,18,2,7,591
0012d,350,9,277,60,2,2,58,24,0,25,340,46,3,113,21,96,6,12,303,294,44,19,221,47,56,179,31,549,181,160,117,173,16,115,3,25,1731
0013a,88,4,168,28,7,4,23,11,0,23,107,11,0,60,3,53,19,4,124,31,11,8,47,15,64,70,18,473,117,33,38,90,3,16,1,14,932
0013b,359,30,711,83,9,6,35,16,0,23,263,19,0,152,10,31,0,6,215,159,41,18,162,39,124,106,21,689,120,134,90,81,14,88,0,23,2502
0013c,202,4,289,74,8,4,16,17,0,12,141,3,2,39,4,19,0,22,54,24,16,8,42,11,58,53,11,198,49,54,17,42,2,18,2,5,878
0013d,139,54,237,24,4,2,21,6,0,9,162,17,0,58,8,71,1,7,143,144,20,10,97,10,41,75,2,376,62,49,51,42,0,21,4,1,1026
0015a,77,2,189,18,5,0,12,15,0,12,182,0,2,58,4,24,8,4,100,44,14,7,87,1,44,67,5,233,148,45,47,51,8,31,0,4,759
0015b,83,9,283,45,5,2,28,16,3,22,132,10,0,60,11,21,1,1,120,89,21,5,80,5,59,59,20,326,165,91,126,69,5,73,0,13,970
0019a,122,4,232,30,4,0,29,18,0,6,109,9,0,73,12,10,0,2,64,34,22,33,47,43,59,53,10,204,143,72,81,88,8,40,2,12,1002
0019b,208,12,185,31,0,4,24,14,0,16,131,12,0,60,12,39,0,15,87,108,8,18,74,10,29,48,34,206,106,73,65,65,10,46,1,7,1006
0019c,165,2,169,31,3,6,28,16,1,12,90,6,3,42,12,25,1,12,80,23,16,6,49,13,31,40,12,177,92,65,57,78,2,34,0,0,903
0019d,185,12,277,61,6,4,52,21,0,10,176,4,2,63,10,23,1,3,112,12,17,27,52,42,64,68,8,259,143,65,21,71,6,38,4,24,1311
0019e,183,8,351,74,8,0,48,24,0,9,124,8,2,74,6,18,0,16,135,10,15,33,43,30,65,70,27,225,106,52,80,81,5,31,2,30,1382
0019f,119,0,163,29,4,10,44,18,0,9,97,16,0,59,28,38,2,15,82,15,15,11,125,23,33,41,24,213,148,64,54,53,13,26,6,7,1002
0019g,155,6,181,55,15,0,24,14,0,12,207,13,5,55,13,29,0,5,77,71,23,18,75,23,39,69,8,296,64,119,27,45,0,25,1,18,1193
0019h,204,2,223,42,3,0,26,22,0,8,199,12,1,51,8,53,0,9,72,17,16,25,77,14,53,51,13,196,102,96,45,48,2,27,3,15,1186
0019i,121,2,159,26,8,4,43,22,0,23,91,10,0,74,15,30,8,8,74,15,15,8,36,14,38,60,4,190,148,92,88,88,5,31,3,2,1061
0019j,152,2,203,53,0,0,23,15,0,10,194,7,2,54,9,59,7,11,95,121,15,10,94,9,44,44,19,297,243,69,94,85,10,58,0,5,1348
0026b,109,7,120,8,0,0,31,31,0,52,79,4,28,74,9,4,0,2,114,4,18,47,23,23,57,42,20,85,66,61,12,43,4,17,36,13,478
0029a,109,10,101,29,2,0,18,13,0,10,43,3,0,80,12,41,0,2,79,33,20,2,39,5,22,69,5,220,46,59,106,44,7,39,0,15,647
0029b,251,4,494,97,9,2,35,43,3,18,265,10,1,198,32,63,3,12,229,67,32,12,64,23,103,125,31,682,270,277,212,170,11,135,3,26,2345
0029e,144,4,213,35,3,0,26,22,1,2,158,5,0,77,12,21,1,5,87,83,20,40,62,11,51,54,12,160,88,24,37,80,0,18,0,42,925
0029f,147,16,282,55,12,2,26,27,0,10,76,5,3,97,5,10,0,2,112,12,13,18,54,20,54,78,10,291,76,49,57,57,1,39,9,15,916
0029h,111,10,242,21,0,0,40,38,2,6,103,9,2,93,14,31,4,2,107,51,7,7,66,22,38,60,14,270,134,57,71,65,0,52,2,8,801
0029i,382,13,659,79,6,0,41,92,4,32,225,13,19,291,36,51,7,14,254,89,35,28,141,31,117,156,38,693,247,133,100,168,11,112,2,26,2403
0029j,155,2,186,14,4,0,14,39,0,12,125,19,0,133,10,33,4,5,103,64,19,4,56,15,46,76,8,299,77,123,40,85,3,83,1,11,946
0029k,127,20,318,51,7,2,26,16,2,7,106,4,0,100,24,41,0,12,120,79,12,14,107,46,44,87,22,304,113,74,44,77,3,82,1,23,1071
0029o,164,18,191,48,17,2,38,25,0,18,122,4,0,92,15,34,4,15,114,95,16,11,87,18,42,73,20,301,83,89,73,66,3,34,1,9,1097
0030a,157,10,218,63,2,2,12,24,0,10,137,13,2,97,13,41,0,10,157,74,20,15,123,7,61,76,4,290,158,69,61,36,5,42,4,9,1100
0030b,217,4,196,58,7,2,13,21,0,7,203,16,0,67,4,45,4,12,148,133,25,15,88,24,74,77,5,293,60,75,42,52,2,32,0,10,1179
0034a,189,0,154,70,7,0,78,28,1,16,88,11,0,67,14,43,0,5,87,93,30,30,90,12,38,44,5,129,97,71,156,70,12,59,4,10,1020
0034b,131,7,172,60,0,0,24,8,0,16,75,14,0,66,6,10,0,5,33,14,32,33,40,22,35,46,11,114,73,63,69,83,2,52,0,2,821
0034c,231,47,324,106,0,0,100,34,0,47,156,20,6,105,16,23,0,12,88,19,50,48,139,116,87,95,22,188,128,136,141,65,9,64,0,2,1269
0034d,99,3,225,53,1,2,16,13,0,20,121,6,0,52,8,21,7,6,85,15,23,25,62,9,44,39,6,161,74,40,118,42,19,49,1,27,745
0034e,143,2,218,76,0,0,41,15,0,20,148,16,2,71,25,29,1,17,75,176,40,12,78,16,61,54,14,357,223,84,135,90,1,68,3,16,1192
0038a,246,9,188,17,6,12,90,42,5,22,113,7,0,55,8,17,0,4,78,9,30,87,17,25,50,105,13,135,114,64,15,98,4,17,3,13,904
0038c,260,0,234,8,5,10,30,22,0,9,161,23,3,57,15,27,2,3,87,9,25,61,35,13,39,88,15,100,144,146,33,85,2,39,4,10,873
0039a,113,2,198,61,13,0,35,28,0,3,117,7,0,47,9,28,1,4,112,38,18,14,128,7,43,44,21,202,151,94,60,54,2,29,2,5,1014
0039d,100,0,173,45,5,0,31,23,0,20,109,3,2,65,20,18,2,6,88,23,25,28,57,8,53,62,24,163,179,79,63,56,0,31,5,4,874
0039e,186,5,154,46,7,0,14,23,0,7,96,7,0,52,4,20,0,5,102,64,8,19,55,18,40,48,28,165,113,55,82,71,0,41,0,4,885
0039f,316,16,934,159,17,0,97,78,0,35,236,26,11,155,26,32,1,5,274,81,61,33,260,33,156,193,55,763,286,167,163,155,9,91,2,13,2714
0040a,144,11,138,3,5,0,24,15,0,11,191,10,0,132,10,65,4,15,158,86,31,8,191,3,38,94,18,379,63,72,32,89,7,18,5,15,1047
0040b,297,14,822,102,19,8,95,46,2,37,225,8,0,186,9,63,12,9,428,83,43,29,267,51,155,175,23,710,374,80,123,175,13,107,13,27,2596
0040c,765,26,1281,360,22,2,127,100,3,75,417,28,11,256,101,54,0,37,670,80,136,71,147,98,342,272,50,1082,501,335,330,378,31,183,14,37,5142
0040e,320,13,487,89,12,0,31,25,0,15,241,16,9,92,21,26,0,3,217,58,19,15,97,28,120,81,18,565,147,97,67,110,4,58,4,16,1949
0042a,172,10,163,33,3,0,14,11,0,10,130,1,0,68,4,25,0,7,108,130,21,8,79,16,33,44,20,235,66,43,32,72,0,19,0,4,838
0042b,51,4,117,11,1,0,3,8,0,0,92,0,0,39,1,8,0,6,44,69,8,8,110,0,18,22,5,133,45,24,15,37,0,30,0,3,558
0042c,218,12,267,102,2,0,40,19,1,32,90,2,5,81,13,10,1,8,139,30,11,28,37,30,83,88,26,256,101,61,66,95,11,33,2,13,1337
0042d,237,8,268,160,14,0,17,10,0,16,109,6,0,67,5,17,2,9,142,56,21,37,66,31,78,57,13,228,95,58,43,43,5,23,3,11,1291
0042e,263,8,304,57,2,0,17,14,0,16,257,12,8,129,16,68,2,8,183,172,39,20,309,19,50,120,19,524,178,97,132,124,3,103,0,27,1916
0044a,180,6,225,49,5,6,38,19,0,6,99,2,15,97,14,32,16,4,151,41,14,23,78,10,58,58,18,402,170,41,65,127,12,11,1,10,1140
0044b,282,6,426,80,3,2,68,34,0,39,284,17,11,184,28,32,22,4,205,32,21,27,65,25,99,150,21,506,312,144,122,120,15,45,1,17,1813
0050a,105,8,128,8,6,0,26,27,0,28,65,19,10,52,43,36,0,6,104,52,35,12,82,7,35,63,26,153,76,105,58,72,17,63,0,5,688
0050b,128,0,88,15,2,0,18,9,0,12,107,14,0,69,20,72,8,17,111,89,9,13,152,14,13,74,14,265,80,50,4,94,1,20,1,11,601
0053a,170,12,87,51,3,6,25,7,0,4,84,23,5,25,1,90,10,14,114,54,25,7,210,8,17,50,22,193,54,60,47,58,4,19,3,4,701
0053b,214,20,177,23,6,2,80,20,1,25,83,5,0,54,18,43,0,6,119,7,31,31,185,25,28,59,10,140,129,63,19,75,5,103,7,7,836
0053d,252,0,187,41,12,2,54,37,2,38,68,22,2,58,14,24,3,10,131,14,31,37,195,14,57,81,23,144,117,112,131,101,4,69,4,14,989
0055b,220,0,191,14,2,8,85,45,0,27,28,6,69,93,11,6,0,4,123,0,23,54,21,24,26,114,17,104,71,73,22,64,1,30,14,22,731
0055c,160,8,95,33,8,0,38,8,0,14,101,6,0,56,41,37,0,7,120,52,12,32,133,3,33,73,11,146,143,58,50,97,1,59,0,12,756
0055d,69,10,98,29,2,4,31,20,5,26,36,2,5,43,52,8,0,2,66,8,9,28,39,14,58,66,18,73,121,52,26,57,0,47,15,3,368
0055e,265,2,273,30,12,0,57,26,0,20,91,2,19,83,2,21,1,0,142,2,55,49,25,31,21,94,35,131,77,44,17,67,5,51,7,6,812
0057a,166,2,98,18,2,0,36,23,0,19,76,2,19,44,3,1,0,0,49,3,14,30,5,23,48,41,21,63,55,33,20,65,0,19,2,9,519
0057b,167,0,89,21,11,0,20,22,4,13,20,4,18,30,7,17,6,0,50,7,23,21,21,18,39,32,9,51,39,45,17,51,0,10,1,7,415
0057f,398,37,490,81,23,0,99,81,5,57,218,20,34,145,23,16,9,5,306,25,115,81,58,71,108,129,61,228,222,179,26,138,2,66,6,36,1538
0058f,122,11,113,13,2,2,48,12,0,24,95,0,3,61,19,73,10,14,163,20,12,28,130,21,20,63,12,174,77,60,120,72,0,42,4,17,791
0058g,273,4,164,2,4,0,75,25,0,39,92,0,3,62,30,17,0,4,254,0,34,46,177,11,40,71,17,104,75,69,13,86,4,119,2,16,782
0063c,84,8,241,87,7,0,27,20,0,6,82,9,0,60,13,28,0,7,88,9,20,7,65,4,48,45,13,222,95,47,56,77,3,18,0,15,772
0064a,106,9,128,38,0,2,25,14,0,19,54,9,2,38,17,12,0,4,140,12,18,26,71,7,21,33,5,89,140,81,76,52,13,20,5,3,713
0064b,109,13,88,38,3,0,23,19,2,17,45,2,0,45,8,12,0,6,79,6,11,25,68,12,24,25,5,91,112,43,95,74,2,26,2,0,791
0064e,246,2,261,71,2,8,57,23,1,28,85,10,0,96,9,15,1,14,229,25,31,40,94,13,62,88,7,213,144,82,306,88,6,75,6,20,1494
0064f,220,4,236,126,12,0,66,24,0,46,109,16,0,73,25,31,5,2,299,46,25,48,200,39,91,70,13,169,243,166,227,70,8,135,2,8,1756
0066b,85,4,168,30,5,0,18,8,0,12,84,9,0,33,23,8,0,0,123,6,43,27,45,18,39,48,13,86,77,46,107,60,3,48,0,3,838
0069b,173,15,312,38,11,4,74,37,0,38,203,19,4,78,14,41,2,22,157,22,60,19,144,26,62,83,26,393,169,160,239,122,10,102,7,16,1792
0069c,85,9,127,7,4,2,33,21,0,19,65,11,3,26,11,17,0,3,116,5,35,21,36,27,25,29,8,148,84,111,87,46,14,46,5,13,705
0069d,214,7,266,63,7,0,39,51,1,24,169,8,9,130,43,67,0,7,209,74,35,40,141,20,107,80,38,432,312,184,337,108,26,98,4,30,2147
0069e,246,24,163,74,12,0,97,30,0,50,190,43,11,108,26,42,0,26,221,40,73,46,178,68,99,88,41,394,152,101,215,136,30,259,15,31,2139
0070a,143,9,130,72,6,0,24,30,0,15,55,8,0,43,26,23,0,13,104,51,10,5,61,11,56,40,3,121,59,79,47,58,8,13,0,0,700
0070c,104,6,161,32,9,0,32,19,0,6,50,12,0,55,10,11,0,3,113,1,30,22,60,29,28,68,16,75,43,39,89,39,4,32,2,13,667
0071a,186,12,124,6,0,0,17,13,4,6,71,10,5,48,0,77,4,2,138,15,19,8,98,11,17,67,30,173,35,64,57,73,0,25,0,1,645
0072a,211,10,131,54,6,0,43,11,0,42,118,5,24,83,24,18,0,0,125,12,34,18,199,30,69,63,30,271,102,72,27,83,2,81,16,17,1100
0073a,525,9,272,170,3,6,35,66,0,18,133,19,3,87,45,130,7,11,161,30,46,81,216,26,49,100,18,194,181,103,143,194,8,67,2,46,1913
0073b,167,15,162,53,7,6,30,6,0,20,66,11,0,35,24,20,32,15,91,2,12,39,128,8,16,72,16,135,109,67,172,97,2,60,2,10,848
0073c,192,10,139,60,9,2,27,21,0,14,87,9,0,54,21,22,0,9,51,9,13,39,109,3,28,59,12,173,121,85,91,107,0,78,0,28,1369
0073d,366,10,186,88,7,10,27,22,0,19,87,11,0,79,22,52,0,3,119,4,42,46,108,27,13,89,14,173,124,139,56,157,9,37,3,5,1293
0075a,153,6,123,34,5,0,23,13,4,5,96,15,0,49,18,36,4,15,89,11,18,26,71,8,16,28,6,157,68,112,92,48,20,54,3,31,858
0075c,201,5,151,67,3,0,54,23,1,17,87,8,2,71,17,26,1,7,97,71,13,29,92,9,49,41,8,152,111,121,99,82,1,55,2,19,1067
0075e,259,3,78,78,2,0,14,7,0,13,85,13,2,58,19,24,1,9,78,16,12,29,68,8,42,30,7,154,76,74,71,53,1,31,3,8,995
0075f,193,4,119,8,3,0,34,25,2,8,85,8,2,60,8,36,2,7,110,36,17,32,90,33,25,46,8,153,93,53,36,98,6,41,7,11,667
0075g,127,4,98,17,2,0,35,32,0,7,70,8,0,30,16,18,1,15,63,4,19,16,89,4,15,54,5,163,90,102,78,55,2,33,0,10,734
0075h,119,4,107,12,8,0,25,24,1,6,79,3,0,58,30,27,1,3,88,4,15,25,26,24,26,40,19,112,49,60,50,79,3,23,3,15,707
0075i,98,4,114,24,2,0,21,10,1,17,50,16,0,37,19,34,4,8,56,6,9,14,67,3,19,30,5,137,64,81,89,55,11,36,2,7,626
0075j,122,5,164,52,6,0,35,22,2,24,36,3,2,46,11,11,0,5,74,9,21,29,59,9,34,35,7,104,80,68,41,64,7,24,2,5,740
0075k,171,5,164,65,14,0,21,26,0,3,66,7,0,55,15,6,0,5,76,26,10,45,39,18,36,25,12,78,67,73,77,48,0,29,3,3,719
0075m,277,4,85,5,5,2,21,12,0,7,135,21,0,51,23,58,13,15,127,44,38,20,127,8,26,59,19,280,67,64,133,90,7,71,0,25,871
0077c,94,28,65,6,0,0,55,14,0,11,42,5,3,67,12,42,1,7,83,34,21,26,66,15,38,43,10,105,61,75,67,44,6,30,7,4,475
0077d,145,6,55,6,7,4,20,12,0,1,112,9,2,39,6,47,2,1,78,65,29,32,144,5,29,79,16,157,55,83,76,28,5,36,0,15,626
0077g,126,13,37,72,8,0,17,3,0,5,42,4,2,28,0,19,0,4,53,10,11,19,92,7,28,22,12,49,39,28,13,35,0,15,5,1,432
0079a,512,55,242,159,15,4,115,25,0,39,236,29,28,141,27,85,36,35,328,49,103,31,331,50,92,142,66,570,319,186,261,245,10,64,14,41,2408
0079b,454,43,261,148,28,6,192,85,0,63,198,23,18,124,90,141,7,32,569,13,94,105,259,77,106,148,54,413,219,150,199,284,4,117,3,22,2837
0079c,492,47,374,166,7,2,161,40,0,89,237,10,22,80,88,48,2,4,414,22,79,81,408,77,78,162,37,311,276,120,40,272,4,83,29,11,2562
0080a,48,2,55,7,1,0,21,13,0,9,30,1,7,35,45,6,0,4,79,2,14,15,138,14,11,49,28,85,26,22,5,48,0,17,1,2,288
0080b,136,0,78,34,5,0,80,18,0,17,82,11,3,47,39,86,10,13,130,11,9,27,126,21,45,47,24,140,71,53,48,106,0,35,2,7,577
0081a,167,8,268,87,0,0,48,25,4,33,106,21,4,77,27,8,3,9,139,8,48,43,108,17,67,104,33,329,289,142,141,122,30,82,6,15,1240
0081b,219,7,159,104,4,0,40,20,0,12,103,10,0,106,26,55,4,7,165,85,25,56,217,7,42,86,17,169,78,139,78,66,9,63,1,14,1074
0081c,198,12,273,107,12,2,53,22,0,14,104,20,0,81,16,35,1,21,232,6,46,62,187,20,39,91,44,197,61,136,56,109,19,105,2,17,1273
0081d,159,17,339,155,6,4,75,11,0,7,129,13,0,113,31,102,0,12,168,0,27,34,92,39,38,90,25,206,89,260,48,65,14,75,1,11,1297
0086c,70,0,143,34,4,0,17,6,0,29,64,7,0,32,5,7,0,11,81,4,8,25,20,9,44,45,9,139,199,42,74,42,9,21,0,1,510
0086d,221,1,244,81,6,0,34,18,1,27,89,8,7,101,36,38,0,8,168,9,32,61,19,9,142,80,6,209,120,96,184,148,10,101,3,6,1209
0086f,146,8,183,101,6,0,47,17,0,43,84,13,2,64,7,12,0,7,157,51,33,31,120,11,78,66,17,270,155,46,229,76,17,119,3,13,1285
0092a,317,12,120,28,21,4,33,27,0,12,142,10,14,47,54,88,12,6,179,30,19,44,209,14,69,64,21,187,52,79,17,134,0,15,0,10,1255
0094a,141,24,68,43,0,0,33,23,0,17,78,11,2,47,14,75,0,3,70,1,24,35,88,8,52,44,20,139,73,61,43,60,6,137,0,0,698
0094b,119,6,99,48,2,2,50,25,1,10,44,10,1,81,6,14,5,2,89,1,12,21,137,10,38,63,4,69,79,71,33,64,0,52,4,2,610
0094c,118,2,73,40,3,0,35,22,1,21,74,4,0,65,20,66,2,6,54,60,16,27,146,9,80,79,11,330,118,35,30,87,0,39,13,25,708
0094d,120,18,73,154,9,4,40,38,1,16,64,10,2,42,3,15,4,8,131,23,46,40,51,7,97,97,18,144,126,66,438,102,5,116,8,14,1183
0094g,208,2,132,84,4,2,67,19,0,35,214,8,0,54,26,43,3,19,106,9,15,54,160,6,59,84,19,197,106,77,58,69,0,62,12,35,1093
0098a,106,11,97,48,4,0,30,22,0,16,87,6,0,75,6,36,2,2,104,40,16,24,40,16,9,50,8,197,183,52,46,58,5,24,5,3,682
0098b,164,14,180,77,6,2,80,25,0,11,282,18,2,82,12,38,1,1,154,54,29,17,86,15,35,74,2,297,145,99,56,94,9,84,6,4,1179
0099a,150,2,100,13,1,0,49,9,1,46,125,14,0,64,46,66,23,33,88,21,9,41,164,9,35,63,21,152,93,44,33,132,4,32,1,22,799
0113b,111,4,86,25,0,2,33,19,0,20,36,11,9,41,6,9,0,4,78,6,6,26,14,26,57,54,27,98,66,68,20,44,2,43,2,7,519
0117a,120,2,81,56,22,8,29,20,0,4,73,13,0,49,9,48,0,3,96,0,23,13,70,20,27,59,6,228,68,36,20,41,4,24,1,10,443
0118a,187,9,114,6,8,0,55,7,2,54,76,9,0,46,74,20,0,23,133,0,28,53,146,12,14,95,16,110,73,61,8,70,0,114,8,11,837
0119c,185,2,344,91,14,2,37,22,5,33,121,24,4,60,34,60,22,11,199,26,31,38,73,15,132,82,7,240,213,110,165,115,16,61,4,13,1502
0119d,353,9,280,162,8,0,22,27,0,11,73,14,4,69,14,21,7,7,156,17,43,60,35,21,102,85,19,190,164,137,256,92,7,79,6,2,1685
0119e,152,15,290,77,10,0,59,14,0,19,122,25,4,46,35,56,5,24,169,8,30,37,166,14,103,98,9,283,168,125,187,62,20,43,4,14,1483
0119g,290,16,476,85,10,0,73,29,0,41,166,65,0,65,31,30,3,16,261,20,56,49,121,33,176,173,11,221,400,137,124,176,19,73,14,9,2136
0120b,60,10,116,16,5,0,28,26,0,15,44,6,9,23,20,4,0,2,58,0,32,21,41,10,36,33,14,79,74,40,54,51,9,39,3,3,609
0120e,167,10,91,73,8,10,22,51,0,16,133,12,3,88,32,26,1,6,156,25,34,35,81,4,95,67,31,152,88,52,412,91,12,93,3,12,1332
0122b,89,4,160,89,5,6,39,20,0,25,56,4,1,50,30,7,0,2,90,10,30,25,38,10,54,62,9,98,77,44,112,57,9,37,3,8,829
0123a,90,11,103,34,0,0,50,26,1,22,57,9,0,58,27,59,0,2,54,0,9,22,72,10,9,25,11,94,42,54,31,42,0,108,7,11,539
0124a,221,33,193,77,3,2,45,19,0,14,82,9,6,62,29,22,0,8,102,2,30,42,143,35,37,54,17,103,99,77,57,80,20,76,5,2,767
0124b,258,41,249,258,34,6,77,20,0,26,67,12,0,64,15,18,1,6,212,1,38,63,181,34,48,111,26,152,77,296,22,178,2,67,4,7,1015
0124c,440,12,406,241,32,6,45,24,0,16,70,15,0,89,11,53,0,4,153,10,51,62,152,39,40,103,41,206,99,60,67,95,11,49,12,17,1074
0124d,279,12,247,183,21,4,48,18,2,15,112,7,0,54,29,100,1,3,187,46,37,64,401,6,35,96,23,204,78,56,91,93,13,108,3,34,1203
0129c,194,12,171,85,0,4,72,42,0,19,139,11,0,83,25,65,13,13,128,58,29,38,145,20,53,103,16,161,153,128,81,102,0,71,8,23,1177
0129e,219,0,134,37,0,0,20,27,0,3,174,6,1,63,8,27,8,6,80,16,10,8,60,2,54,65,11,330,107,124,81,71,6,43,0,5,1124
0129f,142,20,261,37,11,0,24,13,0,4,86,4,0,52,11,12,1,10,70,25,14,19,75,9,67,66,19,242,227,79,116,88,5,20,1,11,1092
0129g,144,14,259,49,7,2,17,17,4,14,121,11,0,63,11,24,4,5,86,50,16,11,144,9,37,67,2,322,109,67,45,119,2,29,7,7,1038
0129h,188,2,178,45,3,2,19,13,2,21,90,11,0,66,5,28,0,8,107,49,35,10,312,12,68,45,6,280,61,68,34,68,5,24,1,8,1148
0135a,117,0,137,55,3,0,62,10,0,30,62,7,19,72,20,9,0,1,132,11,17,18,39,28,34,66,8,126,100,51,101,48,3,53,4,1,944
0135b,157,19,129,43,8,0,33,20,0,27,50,4,10,71,9,11,1,1,89,27,15,30,59,33,46,45,19,131,46,64,73,54,0,35,3,2,805
0135c,181,3,214,73,4,2,113,30,0,22,74,4,18,73,15,19,1,9,189,43,27,22,120,34,51,64,10,201,171,63,172,116,3,53,7,19,1260
0135e,124,4,154,47,0,0,37,29,1,28,59,11,2,96,25,18,0,6,112,87,21,30,55,14,44,62,18,142,160,73,71,81,2,61,4,8,949
0135f,292,18,208,108,14,4,61,35,3,11,101,11,0,141,33,52,1,9,155,198,24,37,171,14,71,82,22,261,147,69,101,130,0,50,3,18,1407
0135g,148,2,150,94,7,4,19,19,0,20,53,8,0,81,16,41,0,5,96,17,10,22,33,7,39,56,11,109,77,93,90,133,8,30,0,9,870
0135h,208,23,154,71,5,6,51,17,3,16,55,11,3,99,14,13,4,4,125,29,10,22,76,12,44,56,14,137,97,144,129,115,7,61,0,0,1086
0135i,178,8,140,62,6,0,25,12,0,0,58,5,2,42,10,28,4,0,89,22,16,23,91,18,35,54,0,99,68,40,61,74,9,27,2,3,875
0136a,215,9,439,127,3,4,60,38,0,28,129,20,5,130,12,44,0,6,159,0,30,55,155,31,62,83,19,162,81,151,143,119,10,77,0,20,1426
0136b,216,44,271,102,6,2,47,33,0,26,103,15,0,100,24,43,2,4,126,9,42,51,295,11,61,85,33,184,64,164,126,99,9,255,1,2,1314
0137a,149,2,108,16,1,0,19,9,1,14,151,2,0,45,7,38,23,10,94,85,13,10,154,16,29,44,10,225,144,39,65,107,2,37,6,14,958
0137b,196,10,186,115,21,0,18,15,0,14,112,6,0,52,17,42,4,7,137,121,14,5,76,35,39,70,7,353,186,36,80,109,3,23,2,4,1136
0137c,106,0,154,30,9,0,25,28,2,23,42,6,4,55,23,10,2,0,60,9,11,40,24,8,46,64,8,136,119,62,104,110,20,14,3,9,694
0137d,122,4,90,25,0,2,26,11,0,12,56,2,0,48,13,19,0,6,66,64,13,18,26,11,39,56,18,99,79,31,64,48,2,29,0,2,580
0137e,171,3,204,21,10,6,27,28,2,16,68,11,0,82,35,38,5,3,151,34,25,16,100,5,15,71,22,208,99,57,154,109,8,43,0,10,935
0137g,153,6,88,15,2,0,26,13,1,16,55,11,3,85,45,19,0,4,85,53,30,36,56,23,21,60,14,78,81,77,52,69,4,75,4,8,799
0137i,391,2,438,128,7,0,63,107,5,67,160,31,10,178,141,49,4,27,263,29,50,97,99,86,209,130,54,293,261,302,539,272,26,137,3,30,2809
0137j,420,12,364,143,7,0,89,70,0,39,339,18,3,217,109,124,4,35,279,503,59,60,207,44,153,129,37,494,366,201,158,167,10,130,12,53,2951
0137l,376,16,325,117,13,0,78,79,6,48,168,13,15,129,66,20,6,23,244,43,46,90,303,39,166,149,51,290,534,248,177,240,29,95,4,16,2441
0137m,447,4,482,381,4,0,84,77,2,24,260,13,19,163,91,54,2,11,292,220,36,73,278,31,149,185,34,405,619,115,170,179,7,90,11,37,2858
0137n,477,11,815,160,10,0,82,37,0,26,277,22,13,141,38,55,2,65,299,166,52,96,206,84,167,115,35,507,576,169,165,183,36,93,0,14,3127
0138a,181,6,131,19,3,4,56,24,0,10,42,7,0,48,2,17,4,2,75,33,21,28,136,25,33,50,16,95,63,102,111,74,1,33,0,9,796
0138b,122,8,349,30,4,0,45,25,0,10,63,6,0,31,11,11,0,8,138,41,11,17,90,31,44,52,14,121,55,43,97,75,0,46,0,7,999
0138c,233,5,207,29,7,2,48,17,1,9,73,9,15,45,15,23,0,4,82,38,23,24,68,39,47,65,7,148,77,81,95,57,0,29,2,9,939
0138d,217,0,247,98,8,0,18,13,0,2,53,10,0,43,5,13,3,5,67,10,9,33,47,17,51,48,8,107,99,54,116,59,0,30,0,10,996
0138e,162,2,154,26,6,6,105,19,0,17,72,20,0,65,19,53,0,24,111,42,25,24,93,4,64,70,20,136,117,121,168,80,13,91,1,16,1132
0138g,179,0,148,29,4,2,18,11,1,7,76,16,3,47,17,21,1,12,112,72,17,18,63,15,54,52,9,179,77,84,86,81,4,36,3,11,898
0138h,137,9,208,38,6,0,64,14,1,20,163,14,1,40,7,59,4,6,129,13,19,51,251,8,48,54,10,195,85,62,26,108,5,57,0,18,1173
0139a,83,2,304,25,5,4,29,15,0,25,71,9,4,53,9,5,0,12,112,18,31,31,49,23,58,59,6,80,99,45,90,68,8,51,2,10,996
0139b,234,0,215,54,0,6,57,12,1,6,74,7,5,76,12,12,1,13,140,64,15,34,57,27,45,62,11,194,124,101,100,113,2,55,1,8,1046
0139c,122,0,161,35,9,0,26,13,0,8,83,3,0,51,6,9,0,2,56,86,19,15,56,15,22,60,12,181,148,25,56,69,3,20,0,3,810
0139d,296,3,258,79,14,2,41,21,0,19,134,10,3,101,7,38,11,3,125,83,22,36,158,15,82,78,7,202,134,94,130,103,4,48,9,7,1287
0139e,127,6,381,44,1,2,24,18,0,7,60,10,0,59,19,19,4,7,146,90,8,32,75,17,73,45,6,223,82,64,157,40,0,16,2,5,1051
0139g,140,2,211,28,2,4,34,11,1,23,138,5,0,44,19,71,10,7,151,9,26,35,215,6,55,64,19,184,86,49,25,85,3,33,0,10,996
0139i,162,9,95,65,1,2,32,8,0,7,52,21,1,45,8,41,0,8,72,84,9,24,75,17,42,43,22,165,71,70,115,115,2,26,2,0,779
0139j,242,2,201,44,4,6,33,12,1,8,80,6,0,56,34,59,1,10,157,58,15,27,122,11,56,51,13,201,79,63,68,61,0,15,0,5,1046
0140b,210,41,174,59,11,0,37,43,3,12,56,9,2,63,20,9,2,5,114,8,40,39,36,13,42,75,5,116,102,56,91,61,4,37,6,14,643
0140c,115,26,114,12,10,0,53,17,0,28,44,4,13,66,15,9,0,0,82,2,13,25,24,44,27,43,12,118,72,46,38,51,8,35,6,0,488
0140d,105,4,91,37,2,0,19,18,0,13,41,10,2,33,3,7,2,1,92,10,10,19,37,9,19,47,3,72,82,75,57,70,8,19,2,12,506
0140e,156,7,224,43,3,2,58,29,0,20,57,10,11,72,15,19,1,7,90,7,24,38,51,41,31,81,17,180,71,155,42,56,5,27,3,22,787
0140f,193,7,197,45,7,0,19,17,0,8,124,9,0,86,14,44,6,11,68,22,25,9,49,13,23,65,20,334,147,101,112,46,19,66,3,27,973
0140g,179,4,152,35,3,2,48,24,0,12,99,8,0,73,6,25,0,3,105,35,20,22,83,16,23,61,3,132,55,62,48,80,7,33,0,9,791
0143c,54,5,123,19,4,0,38,22,4,25,33,9,0,33,32,4,0,1,82,3,17,20,43,7,23,46,6,90,90,27,21,44,7,25,3,12,421
0144a,188,11,353,63,6,0,69,14,0,11,79,12,1,50,8,31,1,9,105,53,35,15,113,3,67,86,13,357,115,67,121,64,17,29,0,15,1286
0144b,184,6,279,104,3,6,42,3,0,12,117,28,2,79,5,7,0,2,132,38,34,11,85,20,68,76,16,252,125,72,172,58,4,60,0,6,1317
0144c,127,3,196,55,14,2,37,6,0,6,98,21,0,49,3,72,0,6,105,40,18,9,98,8,40,44,7,262,53,47,40,33,9,10,0,12,919
0144d,173,9,333,88,2,0,15,14,0,9,151,19,9,74,12,19,0,2,126,30,10,13,85,20,99,47,20,254,90,99,42,86,2,48,3,19,1461
0144e,237,4,201,129,9,4,39,24,0,22,78,26,4,133,11,35,0,9,198,43,22,18,133,38,83,89,16,254,133,82,110,131,0,42,2,22,1476
0147a,140,8,148,48,5,0,20,16,0,7,134,5,0,47,9,37,10,7,80,47,13,12,156,4,41,71,24,177,140,71,59,104,2,22,0,6,924
0147b,182,6,120,25,2,0,5,22,0,16,51,0,0,25,15,27,1,4,63,6,13,14,67,11,35,44,17,102,37,32,29,81,0,17,1,6,442
0148a,97,2,164,50,0,2,20,14,0,18,49,10,2,36,14,4,0,1,87,2,37,22,40,16,64,38,2,120,49,61,160,35,2,44,2,4,722
0156c,197,4,454,76,5,0,41,24,0,13,341,4,42,78,3,20,0,9,131,18,25,64,120,12,84,99,19,244,202,85,62,87,7,64,0,29,1395
0156d,180,2,108,38,3,0,14,19,0,6,47,0,3,49,2,31,0,3,66,6,19,12,23,22,40,41,5,163,89,29,26,49,0,35,1,12,659
0163a,129,2,294,40,13,2,57,34,1,39,85,13,12,98,27,51,21,9,107,15,23,44,93,21,118,70,26,229,199,141,73,70,10,54,10,10,1004
0177b,210,45,142,52,25,10,109,58,3,37,89,17,29,139,19,23,0,5,210,7,47,45,79,70,39,81,48,197,209,155,96,233,7,48,9,35,1128
0178a,270,15,187,54,2,2,62,20,0,21,112,19,3,90,17,145,1,11,209,32,43,46,254,15,44,83,13,197,87,112,106,88,12,109,4,25,1706
0178c,200,7,230,82,15,0,55,15,2,12,129,13,9,68,36,60,21,13,193,12,25,43,170,10,38,65,9,228,136,90,227,137,6,97,0,27,1329
0179a,235,10,179,15,0,0,48,28,0,11,158,17,12,152,14,42,3,5,104,24,34,60,132,30,43,85,26,177,168,76,59,83,14,45,6,19,1195
0179b,231,6,220,18,6,0,36,18,0,12,145,10,13,137,22,45,2,8,115,20,23,75,132,18,29,72,12,191,177,99,65,56,2,30,4,20,1106
0179c,166,8,213,10,1,0,74,26,3,17,100,17,9,135,14,29,9,6,105,11,18,37,55,32,67,95,20,211,352,77,62,69,14,66,5,24,1252
0179d,104,3,126,9,0,0,31,22,2,12,95,10,11,94,10,22,10,2,71,9,15,36,47,11,42,58,19,164,216,59,31,46,7,52,5,10,836
0179e,152,5,155,22,4,0,40,17,0,11,55,4,12,36,16,4,1,1,127,21,15,33,24,13,49,63,18,164,82,63,110,39,10,40,8,6,804
0179f,160,10,128,5,0,0,44,18,0,22,57,3,6,60,6,26,0,5,89,11,8,21,52,10,30,56,11,211,53,54,40,41,4,34,8,15,508
0179g,172,2,112,7,6,0,31,14,0,16,67,5,3,57,14,19,0,3,102,24,22,38,100,23,42,75,14,133,67,24,28,50,6,20,0,3,620
0179h,88,8,188,10,1,0,20,26,0,5,87,10,3,66,7,18,1,1,82,13,9,37,60,21,47,62,7,173,96,58,54,40,6,41,2,22,617
0179i,134,5,107,20,8,0,35,24,0,20,70,10,30,103,2,24,0,3,78,30,14,42,48,15,60,66,13,219,68,49,57,44,2,30,2,16,547
0179j,119,6,132,8,4,0,14,27,0,0,58,5,0,31,11,31,0,9,67,1,15,20,71,15,37,44,0,146,62,37,31,45,4,47,4,17,590
0186a,182,13,204,65,2,6,47,28,0,31,110,22,2,96,8,16,1,10,125,73,16,23,89,33,61,72,11,219,184,172,129,113,9,53,7,19,1607
0187b,135,18,81,9,1,0,17,8,0,16,77,2,1,54,38,35,1,0,157,36,16,29,162,17,25,53,13,98,63,23,9,91,0,25,0,4,581
0191a,114,8,93,21,3,4,21,18,0,7,71,9,3,49,6,14,0,5,61,2,14,30,21,9,23,41,18,53,84,28,97,39,3,45,4,5,550
0191b,182,13,205,63,2,6,47,28,0,31,110,22,2,96,8,18,1,10,125,73,16,23,89,33,59,72,11,219,184,172,129,113,9,53,7,19,1604
0191c,121,4,201,65,10,6,51,24,0,38,86,12,2,28,22,14,1,18,181,29,62,42,35,27,89,73,22,205,120,65,180,70,17,84,11,5,1524
0195a,266,4,278,95,9,0,76,20,0,18,132,13,1,72,39,38,3,3,167,66,23,53,109,23,117,88,34,161,121,221,148,108,10,58,6,45,1486
0195b,265,4,282,69,11,0,97,23,1,19,95,11,0,92,23,29,1,7,91,50,28,40,60,21,92,72,34,186,203,185,100,89,6,73,7,10,1224
0195c,463,28,389,107,26,2,108,72,3,48,316,45,0,202,39,81,31,43,333,141,63,98,349,57,174,159,80,423,486,305,177,194,16,136,3,54,2538
0195d,575,31,352,108,5,0,154,61,0,34,273,27,3,228,54,90,1,19,338,191,95,118,224,48,223,187,78,374,239,368,526,198,16,191,0,46,3399
0195e,635,20,553,176,19,0,103,54,2,36,198,13,4,178,57,61,1,4,267,100,37,110,233,63,266,233,55,372,323,459,244,218,16,104,9,36,2779
0200c,106,0,60,3,0,2,42,7,0,16,74,3,1,37,7,15,0,4,84,26,25,17,133,11,40,44,0,81,40,21,27,52,3,74,4,4,502
0202a,93,20,140,17,23,0,33,16,0,13,198,11,2,58,5,23,0,2,140,37,25,9,169,12,23,86,36,238,80,58,13,81,3,47,2,14,795
0202b,157,12,109,3,6,0,9,12,0,14,94,5,2,113,10,76,2,22,100,44,24,8,187,2,33,78,7,276,195,92,55,102,5,47,0,6,808
0202c,118,6,96,17,10,0,46,20,4,56,71,13,3,45,38,66,1,15,136,69,18,27,154,25,34,88,32,226,205,75,100,61,15,38,4,12,922
0202d,125,4,100,45,8,0,14,30,0,19,86,12,3,56,22,45,4,14,118,44,27,38,157,7,24,85,16,259,160,46,45,66,3,30,8,17,722
0202e,147,34,151,10,8,0,19,19,0,26,153,12,3,66,5,55,13,5,138,37,12,7,142,5,36,82,38,284,106,51,22,78,4,30,7,17,865
0202f,133,14,125,73,4,2,35,5,0,18,170,10,4,58,6,113,1,19,144,26,27,26,76,5,38,72,38,284,73,57,41,135,3,50,5,9,802
0202g,185,19,93,21,15,0,26,15,0,32,174,23,7,59,1,51,7,11,158,15,25,11,207,6,32,90,27,260,94,72,8,110,8,29,6,10,784
0202h,207,4,150,23,7,0,60,13,1,47,112,3,9,83,54,32,2,7,194,4,61,54,243,8,50,116,31,120,100,70,31,125,2,92,0,19,868
0202i,153,14,144,29,11,0,67,9,0,22,82,8,2,62,53,80,2,9,145,15,36,26,160,10,45,76,14,223,133,45,135,112,3,46,9,4,817
0202k,118,9,112,15,9,0,57,24,2,13,59,9,6,91,14,20,1,12,85,0,26,21,83,10,39,54,13,114,85,44,14,62,7,47,4,9,502
0202l,96,0,103,8,4,2,10,31,0,3,97,3,0,55,3,38,5,7,151,3,11,41,71,6,17,62,22,157,103,29,54,66,0,48,0,10,628
0202m,95,12,115,68,6,0,50,11,2,25,70,9,5,36,22,13,4,1,122,8,26,37,189,12,52,61,9,93,71,51,32,46,3,54,2,1,592
0202n,68,6,113,10,4,0,31,19,0,21,62,15,0,45,15,39,3,0,87,7,17,22,54,14,13,62,8,157,85,57,29,67,3,95,1,9,490
0206f,69,2,26,0,4,0,22,10,0,8,35,0,0,21,24,25,10,2,39,5,15,17,117,4,6,19,5,46,16,6,9,55,0,13,0,2,237
0206g,60,0,28,0,4,0,10,6,0,18,41,5,0,18,24,18,0,4,72,0,28,20,84,3,4,27,8,52,20,12,14,26,5,15,0,4,323
0206j,65,9,85,30,2,4,26,2,2,10,53,3,1,31,28,19,0,5,49,8,36,11,138,24,19,36,5,75,48,18,10,58,0,13,1,6,380
0208a,127,4,72,16,0,0,45,9,1,10,117,5,0,64,23,68,10,21,126,46,25,18,204,8,39,61,5,303,94,44,48,72,4,29,5,12,902
0208b,220,16,184,38,3,0,17,11,0,6,81,16,1,71,4,102,2,12,101,10,35,22,171,12,26,82,8,275,41,83,63,62,21,78,0,20,955
0208e,135,3,56,16,2,0,34,21,1,12,60,12,0,39,25,38,2,9,121,46,21,13,117,6,21,65,2,132,70,86,65,43,10,29,6,19,729
0209a,140,5,262,127,13,6,40,19,0,33,141,26,0,78,21,41,0,12,118,18,30,20,95,12,100,59,11,283,164,150,235,63,5,54,5,8,1368
0209b,108,16,111,20,7,0,9,9,3,4,56,23,3,26,7,14,0,7,51,9,35,25,35,10,36,42,4,122,131,59,98,44,5,32,3,4,625
0209c,243,10,384,57,2,2,22,30,0,12,77,17,5,71,4,21,2,11,122,15,35,69,74,30,81,56,6,180,232,110,156,71,10,62,4,24,1081
0209d,486,16,485,252,1,4,47,26,3,24,256,36,9,83,32,23,1,14,339,46,82,43,234,116,228,101,12,338,240,176,326,135,13,77,13,10,3146
0209e,327,4,300,80,5,0,49,53,0,15,134,23,0,80,21,26,0,11,133,57,52,62,90,11,163,62,3,202,127,132,452,43,27,137,6,17,2054
0209g,393,19,322,130,4,0,48,15,1,27,155,32,5,65,23,60,1,11,165,89,23,33,263,7,219,48,16,300,133,165,397,89,8,117,0,12,2428
0212c,149,13,268,33,3,2,79,38,0,32,94,7,0,84,73,39,2,14,146,6,13,53,122,21,65,82,21,171,64,99,29,90,6,82,2,18,1021
0214b,233,26,309,104,11,8,81,45,6,63,126,15,9,140,57,41,2,16,165,22,74,79,121,46,56,104,41,273,411,80,75,161,10,66,3,20,1439
0214c,216,4,424,81,3,2,62,40,0,21,103,26,13,121,45,29,2,5,82,23,35,77,113,20,42,95,38,265,176,101,118,84,11,60,5,15,1226
0214d,169,8,199,27,2,4,25,12,0,14,135,11,6,121,6,41,4,34,91,7,20,19,72,15,29,68,16,406,116,67,79,73,8,21,3,27,946
0215a,163,3,110,23,15,4,61,32,0,11,57,5,0,50,8,7,1,2,57,15,11,30,12,21,44,36,13,129,54,58,5,52,0,10,4,20,621
0215b,107,9,213,44,7,6,68,62,3,42,63,16,7,85,15,5,2,7,114,25,22,64,38,64,95,87,32,165,112,148,24,98,4,44,27,12,882
0215c,128,6,175,20,5,2,33,38,0,22,74,10,4,73,3,21,0,1,98,6,25,28,19,13,30,75,20,187,83,72,38,67,3,20,4,8,811
0215d,86,0,130,15,11,0,40,61,0,15,30,6,21,49,13,5,0,2,81,9,13,32,7,7,35,41,10,111,83,43,38,79,5,30,11,22,591
0215e,124,2,124,24,0,2,38,36,0,17,76,8,27,74,1,16,1,0,88,0,17,91,8,11,64,26,29,96,62,34,28,33,0,15,6,8,625
0219a,296,18,243,73,13,2,114,46,2,27,139,60,0,109,48,18,1,9,174,21,45,52,141,14,59,111,21,223,103,108,88,136,11,70,0,61,1410
0219b,258,13,229,29,8,4,46,38,2,25,144,23,0,72,32,53,4,16,200,53,32,36,233,13,11,77,18,307,110,114,78,114,5,144,1,37,1479
0219c,326,8,228,113,11,4,26,29,1,17,111,32,0,79,30,63,1,7,158,127,40,47,163,22,46,146,29,241,67,102,191,104,7,98,1,42,1769
0225a,330,22,258,60,4,0,61,21,8,11,114,6,0,63,18,44,1,3,142,10,54,57,166,44,61,113,21,175,86,108,96,110,9,109,7,3,1187
0225d,105,6,120,54,5,2,55,15,0,9,65,2,0,31,16,21,1,8,62,19,24,27,110,2,15,56,8,119,94,55,18,89,0,67,5,6,693
0226a,221,7,197,19,8,2,43,13,2,40,109,11,3,82,65,103,0,12,129,36,47,45,200,4,59,90,9,295,147,97,242,122,1,122,7,25,1340
0226c,188,6,83,69,15,2,48,12,2,40,92,7,3,63,20,33,3,6,132,54,28,35,155,9,33,104,20,154,246,88,57,86,0,64,6,8,867
0234j,176,4,248,109,4,0,94,53,0,27,66,13,57,89,9,12,1,0,204,8,25,55,106,27,95,103,63,161,117,109,70,118,76,33,13,23,979
0235a,265,10,356,42,14,0,39,61,0,34,126,13,17,132,16,19,0,2,127,10,35,63,29,45,66,75,42,144,111,163,29,97,2,63,5,10,1190
0235b,269,9,160,51,6,4,87,44,2,61,107,12,32,111,36,21,1,7,208,17,18,50,41,23,97,80,46,146,225,76,15,85,2,45,11,12,1008
0235c,243,2,239,45,12,2,86,52,0,25,155,7,18,113,11,18,0,3,99,13,34,43,38,63,123,67,41,166,109,103,25,75,16,34,1,13,1057
0235d,226,5,244,32,5,0,54,28,1,24,119,7,30,100,16,47,2,8,129,3,96,59,27,24,60,84,46,129,117,60,21,80,7,27,4,10,863
0237a,152,6,111,33,2,0,22,5,0,18,119,3,0,42,10,17,0,1,118,90,22,31,147,2,32,56,12,78,27,38,29,72,6,52,7,15,656
0237e,111,2,124,14,6,0,28,9,0,11,104,1,4,44,4,21,0,2,90,70,25,42,129,9,39,44,11,102,28,34,51,42,3,52,5,9,599
0244e,116,0,170,27,4,2,47,21,0,10,80,5,4,60,4,20,1,8,117,42,10,9,47,15,35,67,6,293,91,69,45,54,7,24,0,3,771
0244f,76,2,195,30,17,0,32,14,0,21,87,8,10,64,16,19,1,8,74,43,9,9,80,8,54,75,10,268,164,89,57,58,2,39,7,5,1059
0244g,129,9,207,29,6,0,40,12,0,22,111,7,3,60,9,45,0,4,124,26,19,5,47,14,50,63,4,297,135,68,81,86,4,33,1,6,996
0244j,235,6,180,50,6,0,49,34,1,19,102,5,15,91,21,19,0,5,142,60,36,42,71,17,51,63,7,193,95,84,129,78,5,62,4,29,1012
0244k,258,16,391,72,9,4,135,61,0,92,185,31,6,183,71,47,7,17,335,37,68,82,286,26,125,188,20,402,244,322,89,150,11,146,5,45,2167
0244l,127,7,154,30,8,2,35,38,1,40,70,7,13,60,17,11,0,5,143,23,12,47,30,30,105,82,13,108,162,152,18,58,6,30,7,14,701
0244m,314,21,178,73,9,2,79,57,1,57,205,25,0,143,67,54,1,11,243,136,63,53,184,24,130,104,22,450,194,241,339,159,14,139,6,64,2235
0244n,130,4,195,35,14,2,42,30,1,29,158,8,0,118,17,9,3,7,146,52,22,11,55,11,70,82,6,335,186,100,62,91,10,58,0,10,1141
0252c,115,2,418,29,5,4,47,17,2,11,148,13,7,90,8,30,3,4,83,40,30,22,35,5,52,52,26,327,156,111,106,81,8,47,2,3,1248
0252d,113,3,168,5,6,0,14,11,0,4,57,6,4,38,7,13,0,2,57,2,23,8,43,10,8,43,8,161,58,50,32,75,1,38,0,6,568
0252e,253,8,136,19,8,4,64,34,0,25,49,0,9,68,4,32,1,0,158,4,19,25,53,19,23,74,10,138,72,64,38,80,5,37,6,29,976
0252f,229,11,120,10,6,4,38,13,0,25,87,10,0,56,1,43,5,3,137,44,30,28,55,18,29,61,16,246,149,73,65,65,2,33,1,32,938
0252g,272,5,184,34,4,6,60,24,0,13,63,13,9,81,3,51,6,4,101,1,16,27,51,12,17,65,17,157,128,90,65,48,8,60,8,14,894
0252h,274,22,267,73,2,10,80,35,4,40,174,32,2,181,20,31,6,3,191,14,52,80,109,30,28,121,27,261,225,122,101,159,50,92,1,15,1281
0252i,186,2,96,34,2,10,77,31,5,13,113,16,1,89,16,35,2,18,119,11,27,35,49,6,26,71,31,173,144,148,30,84,9,28,7,19,796
0252j,342,6,192,206,7,8,81,25,0,17,120,39,0,98,11,54,0,3,281,40,41,53,274,13,46,96,15,250,57,113,155,103,13,62,1,25,1528
0252k,226,6,388,41,8,4,112,35,0,43,148,25,0,105,13,22,0,9,122,4,33,63,90,33,42,103,40,193,123,110,35,104,5,51,4,8,1627
0252l,141,8,224,8,8,0,45,20,1,9,64,22,0,87,8,15,1,10,96,23,15,4,51,10,5,51,17,179,115,83,78,75,9,45,1,2,787
0252m,163,2,129,21,2,2,28,15,1,6,72,3,1,44,2,50,0,6,87,10,8,17,47,12,46,39,21,187,51,24,130,70,2,17,2,10,802
0252n,381,19,499,103,16,10,112,51,3,35,168,29,25,169,10,45,2,8,222,168,34,35,133,32,85,103,60,508,225,155,144,183,16,106,3,26,2083
0252q,153,5,132,42,8,0,26,27,2,10,140,14,4,60,5,27,1,8,158,64,37,39,104,8,24,58,11,147,151,74,51,67,7,43,0,15,739
0252r,725,21,910,110,18,8,155,79,3,44,716,50,16,233,68,164,11,12,377,91,81,87,163,54,230,173,96,1059,340,366,324,268,9,162,9,56,4957
0252t,118,7,181,25,2,2,38,18,0,11,129,12,6,50,9,7,16,0,98,13,8,35,35,6,46,50,15,148,129,59,24,54,2,24,0,17,726
0253e,147,14,219,44,17,6,61,55,0,18,183,17,0,74,28,43,5,9,183,30,34,52,426,17,68,128,24,182,118,117,40,75,1,113,2,22,1281
0253f,110,7,82,14,3,0,11,19,0,4,71,4,0,46,10,23,2,3,128,28,16,28,138,5,16,73,14,112,38,43,18,64,0,49,1,7,524
0255a,494,27,473,200,3,6,78,53,4,54,241,23,0,157,60,62,3,21,283,132,55,102,169,39,184,132,42,303,301,337,451,190,39,162,2,18,3230
0255b,365,13,737,193,7,6,100,65,0,60,341,42,3,194,78,67,2,20,210,497,40,59,187,65,229,173,30,603,587,198,216,143,9,203,10,57,3570
0255c,873,22,525,62,29,6,127,67,0,32,200,44,0,132,48,65,0,12,219,109,46,67,225,133,152,130,49,273,214,155,444,255,15,149,3,41,3076
0255d,638,24,632,93,12,2,55,29,2,38,383,33,0,172,35,106,3,15,234,480,41,44,327,23,147,167,40,636,322,237,186,201,4,226,3,50,3510
0255e,597,15,564,191,11,10,94,42,0,34,249,44,0,161,44,45,0,19,228,43,47,65,158,40,228,132,44,449,216,405,380,241,24,116,6,12,3662
0255f,267,8,691,61,5,4,70,59,0,37,267,30,3,144,29,37,2,7,162,73,28,50,73,31,125,150,25,559,267,190,140,123,1,94,13,46,2133
0255g,849,21,990,116,16,2,71,87,4,57,473,34,8,323,128,110,9,16,284,157,54,44,194,66,178,198,43,1231,515,327,510,191,7,316,12,38,4858
0255h,265,15,342,53,8,0,28,38,0,10,100,8,3,78,13,17,0,3,107,14,16,24,46,24,64,72,13,340,119,96,62,81,9,66,5,8,1257
0257d,535,20,335,106,33,0,62,24,0,24,199,17,6,91,29,163,15,34,276,297,51,65,380,33,114,182,46,556,309,169,262,233,15,175,13,53,2637
0257e,520,21,417,107,14,0,93,16,0,50,231,49,1,123,18,125,3,17,301,439,78,60,424,43,160,158,49,495,281,199,321,250,10,184,13,17,2744
0259a,383,12,537,34,17,4,58,56,1,67,399,19,19,275,23,61,3,5,303,36,68,91,105,64,180,153,38,452,295,165,39,132,14,108,43,49,2510
0259b,410,13,429,73,30,0,77,129,2,37,145,10,24,277,39,38,3,20,270,56,48,133,93,108,180,191,59,456,345,141,90,206,3,97,25,45,2776
0259c,437,4,386,73,6,2,72,170,1,40,208,8,40,284,55,61,38,5,286,57,74,122,64,75,173,121,89,334,211,106,43,184,9,104,15,27,2443
0259d,372,8,404,56,17,0,58,97,0,34,187,22,25,296,38,45,1,4,251,24,33,91,114,84,209,189,46,372,302,245,62,150,11,89,9,31,2237
0264a,203,31,334,182,24,10,56,26,2,20,43,7,2,60,38,31,0,8,184,4,46,45,183,29,38,98,50,122,55,265,22,154,8,71,1,13,999
0264b,272,18,192,203,13,2,44,21,0,8,118,10,14,71,34,51,6,7,247,115,16,36,204,13,34,72,53,276,114,92,79,82,4,63,11,40,1167
0264c,341,31,262,184,24,2,36,29,1,13,87,18,0,73,28,60,3,13,211,18,32,51,193,26,42,105,50,155,73,79,88,113,7,195,0,21,1197
0269b,212,9,228,43,8,2,48,24,0,13,74,8,0,76,20,35,0,4,190,24,22,25,73,15,36,61,16,214,97,70,164,93,0,52,4,25,1125
0269c,194,12,171,85,0,4,72,42,0,19,139,11,0,83,25,65,13,13,128,58,29,38,145,20,53,103,16,161,153,128,81,102,0,71,8,23,1177
0269d,179,7,105,14,0,12,28,14,1,12,38,9,9,46,17,14,0,0,58,42,6,34,43,14,26,49,18,78,55,84,61,40,2,62,1,9,617
0271a,111,5,96,40,2,0,14,7,0,12,84,10,0,37,16,49,0,4,49,6,24,24,95,8,30,40,12,93,37,46,30,53,9,93,6,5,548
0271b,159,8,116,41,0,0,17,6,0,9,103,17,0,33,8,32,0,6,139,7,25,15,212,8,30,40,10,80,31,78,18,78,9,67,3,0,659
0271c,279,78,307,47,8,6,26,11,1,3,52,8,0,81,15,19,0,1,151,1,32,54,85,31,46,82,10,100,80,178,36,130,7,74,2,2,984
0271d,138,11,137,20,2,0,14,8,2,5,26,11,2,54,6,18,0,7,81,6,20,34,172,17,49,49,41,88,64,66,43,71,1,63,3,3,692
0272a,98,2,145,45,0,0,48,13,2,26,58,12,3,62,6,34,0,2,102,24,11,21,60,8,48,73,28,140,101,68,46,77,7,20,0,14,638
0272b,127,0,110,23,12,2,26,19,0,4,75,7,0,56,5,78,10,6,86,18,26,26,89,17,41,78,8,157,91,39,74,56,8,33,0,16,660
0272c,50,2,93,27,10,4,66,54,0,17,44,7,0,76,15,12,0,2,111,18,19,28,111,8,30,68,3,145,80,39,79,53,2,64,6,1,592
0272d,66,3,208,22,3,0,39,10,2,6,70,7,0,89,19,22,0,6,58,22,13,20,27,4,36,64,19,189,75,95,123,47,2,72,0,7,725
0272e,301,27,222,62,6,2,84,56,6,46,406,15,8,154,51,66,3,18,201,168,50,84,130,21,68,209,25,496,443,145,90,166,15,113,8,68,1899
0275c,130,8,299,24,10,2,80,26,2,13,108,12,0,100,20,24,12,16,188,9,24,37,97,34,58,95,21,318,165,46,152,136,0,67,3,28,1218
0276a,158,2,239,22,4,2,11,14,0,6,75,8,3,64,9,18,0,12,59,9,14,22,30,8,28,49,3,119,88,77,81,56,1,27,1,14,621
0276b,100,0,117,37,2,2,39,17,0,22,62,3,5,58,8,15,0,4,76,14,15,22,40,24,69,55,9,76,103,62,58,51,5,50,0,7,768
0276e,111,5,140,34,0,0,35,15,0,25,65,16,2,63,15,16,1,13,71,57,35,30,67,14,38,38,17,102,75,118,44,65,1,37,4,11,599
0276f,597,12,296,153,3,6,83,28,0,35,246,27,8,183,45,229,14,45,226,151,84,65,401,65,173,136,27,411,340,191,220,241,7,94,5,26,2657
0276g,56,2,120,12,0,2,26,19,3,13,31,6,4,57,49,6,1,1,49,10,20,27,31,13,29,61,14,83,61,109,93,58,2,25,3,16,567
0276h,120,0,220,26,4,2,20,19,1,12,53,2,0,63,11,3,0,0,55,21,18,30,31,18,30,51,5,84,88,88,76,73,1,29,2,4,618
0278b,182,26,291,106,5,2,55,29,0,9,61,23,0,59,31,22,0,7,100,0,25,44,115,31,33,65,24,132,56,129,60,78,8,98,1,6,1027
0278d,129,6,123,64,2,4,41,17,0,17,85,20,0,50,8,19,0,7,85,7,16,16,166,17,45,44,7,85,57,92,15,45,2,58,2,8,684
0281a,197,24,108,38,21,0,38,22,0,23,53,6,5,49,11,12,0,6,138,33,22,39,162,13,49,52,26,133,78,130,100,74,4,22,1,7,860
0281b,310,21,313,96,10,2,23,25,0,27,246,29,6,95,12,120,13,31,336,139,68,26,314,11,35,142,26,624,319,152,198,149,18,130,10,16,2103
0281c,208,2,85,48,4,0,38,6,0,12,97,7,0,48,2,43,2,20,125,73,30,42,147,13,37,72,38,186,95,95,54,68,8,48,4,49,917
0281d,347,20,281,70,1,4,73,30,0,57,127,30,2,139,44,82,12,15,260,83,72,71,363,12,53,171,47,433,237,240,305,149,37,150,4,33,1883
0285a,91,3,139,43,8,2,31,15,0,10,61,2,5,59,25,4,0,0,66,3,9,36,20,5,28,64,21,126,79,163,17,86,3,32,0,12,649
0285b,95,4,123,18,0,2,28,12,2,15,31,3,4,45,4,7,1,3,47,0,14,26,8,24,28,31,18,110,33,36,9,46,2,21,7,4,367
0285c,160,0,106,16,2,0,22,27,0,20,34,3,4,57,18,10,0,11,60,1,35,49,46,44,18,76,23,75,108,81,19,56,1,33,0,4,633
0285d,170,2,98,27,3,0,30,15,0,11,50,9,13,56,8,15,1,0,54,0,28,55,18,9,34,54,12,71,70,34,20,68,0,26,0,13,660
0285e,145,6,236,45,3,2,29,43,2,22,98,12,13,54,13,8,0,5,85,0,20,33,16,23,45,47,35,127,103,59,50,96,0,42,27,10,795
0287a,145,4,117,19,0,2,53,14,0,26,106,8,10,70,31,25,3,10,137,13,37,41,197,8,25,45,25,106,85,83,31,95,2,102,4,6,722
0287b,137,0,79,22,2,0,51,12,0,26,83,14,4,51,43,77,7,12,119,21,34,33,195,14,17,27,23,161,82,69,97,106,7,29,0,8,857
0287d,173,6,168,71,2,0,42,11,0,27,100,16,1,54,29,42,3,12,154,9,33,39,217,23,44,55,34,176,113,90,29,102,8,54,8,26,899
0291b,158,31,136,195,2,2,54,22,2,17,84,22,0,74,6,19,0,6,152,14,19,25,168,46,45,73,16,144,78,100,51,56,9,92,2,9,1070
0291e,251,26,198,104,3,0,44,26,0,4,65,33,0,61,9,43,2,3,96,1,32,51,150,22,62,72,18,88,72,80,26,97,9,116,2,14,1078
0292a,230,4,267,32,11,0,42,85,0,12,89,13,6,81,13,14,3,4,178,2,26,41,27,8,46,77,17,216,105,101,27,71,4,46,3,16,926
0292b,243,2,154,7,4,6,45,30,0,8,102,7,6,129,12,8,1,0,162,22,27,49,23,39,40,98,17,164,80,79,23,101,4,20,5,10,873
0292c,279,13,326,51,6,2,58,46,0,12,135,6,17,98,30,20,1,2,221,5,38,53,48,26,62,102,9,327,114,85,53,112,8,46,2,32,1219
0292d,178,2,210,46,4,0,28,19,0,12,101,10,1,71,16,16,6,8,80,45,25,39,50,3,53,69,8,217,131,91,89,83,20,52,2,28,870
0292e,145,7,227,36,0,0,29,22,0,14,89,3,4,57,26,10,1,3,113,14,13,28,11,14,55,49,8,115,119,67,109,78,16,71,4,6,820
0292f,498,28,473,205,10,4,71,53,2,24,340,40,9,210,61,145,7,57,300,246,58,84,329,34,166,181,34,810,318,251,260,173,21,135,6,44,2633
0293a,469,23,291,90,8,0,101,42,0,26,208,21,1,128,44,88,6,12,262,482,48,55,254,39,96,166,95,504,285,209,156,126,10,128,5,48,2238
0293b,449,25,315,59,14,0,114,47,1,28,192,21,0,124,46,72,17,9,309,259,60,45,325,43,87,142,76,454,207,181,177,226,19,114,10,31,2181
0293c,239,16,160,46,7,0,25,21,0,16,139,3,0,52,26,59,2,8,127,10,14,29,191,13,46,88,39,157,82,71,64,94,4,83,1,15,1106
0293d,412,15,297,74,11,0,75,51,0,27,170,26,0,126,39,82,4,22,278,203,59,26,336,20,57,143,64,647,248,169,166,166,20,111,0,25,2198
0294a,147,7,217,26,34,0,46,59,0,18,52,17,3,133,16,3,1,3,132,5,18,57,29,31,59,67,18,107,130,129,8,97,6,50,8,14,698
0294b,241,0,175,44,11,2,55,70,2,31,119,15,11,143,18,22,0,2,162,30,13,74,16,28,107,94,41,136,176,99,44,108,4,32,26,21,1076
0294c,135,2,116,37,5,4,46,59,2,5,50,4,2,65,2,16,0,1,80,17,20,37,27,30,36,55,8,99,57,35,17,51,2,9,21,5,468
0294d,101,5,164,18,8,4,35,43,0,35,29,9,11,52,13,7,1,0,73,1,6,22,22,13,39,30,11,69,50,31,16,33,2,10,5,4,415
0294e,118,5,226,9,1,0,54,20,1,28,42,7,29,51,19,9,0,4,123,0,22,23,12,24,23,32,17,137,89,41,13,54,0,23,5,17,438
0294g,317,7,229,11,10,2,73,30,1,20,101,17,25,115,10,14,0,2,167,2,30,51,38,17,66,99,34,118,81,67,31,97,6,18,6,17,740
0294h,156,10,265,34,4,6,96,73,0,89,53,32,15,145,33,22,0,1,173,22,34,51,60,21,75,119,53,240,172,233,113,102,18,98,18,22,927
0294i,200,2,192,10,0,10,73,45,1,43,76,2,41,60,8,21,0,1,160,8,60,64,18,9,87,60,31,121,57,45,16,69,4,14,6,14,796
0294j,234,8,168,14,16,2,64,38,1,17,72,15,35,126,14,10,2,1,151,1,30,38,12,32,50,97,24,97,149,75,14,111,6,35,5,6,834
0296c,227,26,239,133,7,2,63,24,1,43,154,18,16,95,28,44,3,8,172,45,68,52,241,26,75,97,36,159,132,206,51,109,12,119,17,18,1423
0298b,115,4,124,37,3,8,43,13,0,13,162,4,0,46,26,126,9,14,119,20,20,24,147,11,17,57,21,228,113,30,34,90,0,23,2,10,734
0299a,223,11,147,13,0,0,44,22,0,9,82,3,4,64,27,78,13,12,150,45,35,32,243,17,17,65,6,134,62,79,57,115,5,25,0,15,793
0299b,146,0,94,14,0,0,35,17,0,27,86,3,5,73,34,95,8,8,93,0,20,42,246,11,3,45,10,90,61,23,32,120,0,23,2,12,547
0301a,139,3,70,11,2,0,37,16,0,34,101,11,5,62,28,32,1,5,89,26,24,40,199,7,16,68,14,93,113,50,149,91,8,33,1,4,747
0302c,94,2,162,49,2,0,13,19,3,31,43,9,0,62,18,22,1,1,104,18,21,31,26,10,65,82,5,171,94,102,155,56,4,33,2,6,800
0302d,99,3,121,61,1,2,14,21,0,4,47,18,2,64,2,33,4,14,97,30,10,26,52,5,33,47,0,113,81,45,113,46,4,33,0,36,712
0302h,255,19,581,74,10,4,107,116,11,64,254,27,5,207,27,41,4,12,335,90,43,100,150,39,146,180,28,561,293,300,238,220,7,132,6,57,2315
0303a,199,5,188,74,13,2,162,78,2,81,135,5,8,103,6,1,2,2,157,41,19,77,15,34,83,95,33,189,176,40,113,101,2,29,12,17,1408
0303b,232,8,160,73,5,0,100,41,0,62,104,6,21,89,41,60,1,2,173,1,18,87,55,16,146,93,23,292,145,91,96,88,4,34,12,14,1088
0303c,256,19,100,16,9,6,128,52,0,37,69,15,3,54,1,5,0,8,126,20,5,46,9,41,35,63,34,86,68,93,16,94,2,60,1,25,807
0303d,72,0,194,6,5,2,33,23,0,29,97,14,3,70,25,12,0,0,82,7,5,51,23,13,59,70,12,133,124,131,46,107,27,37,4,8,695
0303e,157,4,83,10,6,2,58,32,1,28,33,1,5,72,6,2,0,3,63,4,5,39,6,9,47,75,7,84,111,31,66,66,0,21,10,14,469
0303f,67,0,106,11,2,0,56,9,0,36,37,4,3,64,3,15,0,0,112,2,11,26,23,20,35,60,6,91,48,14,15,73,7,12,1,4,350
0303g,76,2,99,19,4,0,37,27,0,37,27,1,10,47,9,12,0,4,74,3,30,41,4,44,44,59,26,82,112,47,11,77,0,16,7,8,582
0303h,241,10,270,60,5,6,107,73,1,56,164,11,6,125,7,12,0,7,189,2,24,85,99,26,78,111,39,198,199,120,51,115,4,55,3,28,1343
0303i,240,0,220,50,4,0,79,43,1,64,119,2,2,95,7,5,0,4,188,21,23,98,20,30,56,122,35,141,110,28,24,101,2,38,7,8,964
0303j,107,6,219,14,16,0,101,30,0,44,94,18,2,107,18,13,0,4,127,2,13,57,130,25,64,96,24,174,156,158,60,80,9,72,5,13,888
0307a,165,2,91,49,0,2,62,33,0,49,100,12,0,58,25,37,2,19,141,56,38,40,167,12,13,87,10,189,166,117,103,101,4,79,1,9,1022
0311k,130,13,101,16,4,2,52,33,0,6,43,23,9,49,9,8,0,2,113,0,12,34,13,24,54,55,37,84,58,73,36,72,8,18,1,7,473
0311l,365,16,285,78,8,0,73,45,1,88,111,25,25,75,36,19,2,4,159,2,30,74,112,77,100,119,27,245,215,140,125,140,16,81,7,11,1389
0311m,41,0,22,0,3,0,16,16,0,9,10,0,0,20,0,2,0,0,22,0,2,16,7,9,11,21,0,28,47,11,1,62,0,9,2,3,196
0312a,151,4,143,81,6,0,55,33,0,37,77,17,15,110,34,13,1,6,80,66,43,46,56,31,83,79,14,179,248,158,177,109,39,52,2,19,1113
0312b,199,44,190,78,10,0,29,43,4,19,89,13,0,94,19,18,1,2,138,28,29,56,72,23,58,76,9,178,115,84,319,143,19,62,7,36,1207
0312c,241,9,390,53,10,0,65,48,3,44,88,24,4,63,47,27,0,2,131,13,28,74,68,16,111,95,14,317,143,115,188,111,87,55,7,40,1408
0312d,218,10,159,46,5,2,44,27,0,30,56,16,4,103,23,24,1,3,133,34,32,44,86,15,59,61,35,134,88,112,213,103,4,45,3,12,1362
0312e,119,3,224,90,11,0,80,49,2,32,116,14,0,95,29,8,0,3,126,21,20,26,110,13,84,97,11,210,217,69,153,133,13,55,19,17,1139
0312f,158,6,105,67,3,0,42,44,2,27,80,22,0,70,20,22,2,19,111,34,31,61,99,17,67,90,28,201,161,79,193,73,33,249,2,30,1226
0312g,266,8,232,78,2,2,31,35,0,11,99,23,0,82,12,16,0,9,82,16,24,30,56,24,59,90,25,252,108,110,285,64,2,53,2,10,1287
0312h,439,21,457,103,12,0,67,92,0,17,304,21,2,167,41,47,3,10,206,28,72,43,68,40,110,172,57,533,282,161,298,156,16,61,4,21,2362
0312i,205,4,190,60,3,2,53,50,2,17,66,8,2,64,41,19,2,5,112,43,19,59,127,23,72,108,16,170,182,136,187,142,26,62,7,9,1153
0314a,254,9,224,24,1,0,64,6,0,14,97,20,0,63,1,48,4,7,180,20,22,49,94,30,33,40,3,203,68,70,67,77,0,45,4,5,1076
0314b,436,6,276,70,0,0,68,21,0,21,104,36,4,133,12,35,4,7,194,7,22,55,122,40,49,77,25,185,105,119,85,124,6,66,10,11,1480
0314c,398,19,285,41,5,0,84,18,0,12,94,39,0,120,8,40,3,3,236,38,25,76,106,35,28,67,9,237,173,189,195,129,10,113,9,8,1597
0314d,205,10,185,13,2,0,15,17,0,6,90,16,0,50,2,49,2,16,112,1,4,13,102,12,13,46,12,201,73,59,69,99,6,57,0,6,896
0314e,124,2,130,84,1,0,21,15,0,5,123,20,0,53,5,18,3,6,75,7,17,22,32,2,12,37,16,133,67,58,106,33,0,34,0,5,666
0314g,157,11,165,30,3,0,20,10,0,10,51,21,0,91,4,24,0,6,138,4,10,32,52,5,10,48,11,131,53,90,191,108,13,36,5,0,881
0314i,213,6,282,41,6,0,27,10,6,3,116,19,0,93,7,30,0,4,87,172,17,12,78,17,54,49,7,238,75,71,108,57,0,24,2,11,1119
0315c,206,6,210,30,2,2,33,45,0,13,176,11,0,87,13,26,0,5,191,52,16,66,60,6,110,86,11,130,116,56,363,59,20,98,6,16,1476
0315d,249,13,171,101,1,0,38,18,1,18,184,13,5,67,7,26,3,13,215,62,25,33,104,11,136,82,22,224,138,132,299,91,17,79,8,31,1777
0316a,273,8,133,38,4,0,52,11,1,11,92,5,7,91,11,17,0,2,176,40,21,35,88,23,40,58,36,127,77,62,38,85,0,65,5,14,861
0316b,339,10,201,154,14,0,56,25,0,8,128,9,10,54,17,36,3,6,153,12,31,44,235,36,55,98,19,250,82,93,77,101,4,39,2,19,1360
0316c,265,7,131,121,16,0,39,20,0,22,267,33,61,71,11,27,6,1,153,51,43,51,127,12,49,92,33,241,77,49,102,97,2,24,2,30,1466
0318e,96,2,337,59,9,2,16,11,0,21,99,10,2,66,47,20,1,7,100,41,13,6,48,11,60,61,10,370,177,91,105,52,12,106,2,16,1266
0318f,106,7,485,42,5,2,29,36,0,43,151,10,4,130,37,22,2,14,136,81,37,14,54,17,85,116,24,643,259,198,210,84,12,87,5,16,1882
0318g,221,22,345,53,4,0,22,24,1,12,108,11,0,105,20,18,0,7,114,16,17,19,53,43,55,82,13,350,103,115,111,74,4,47,0,2,1186
0319a,672,0,269,31,11,2,69,66,0,29,177,12,10,179,16,50,0,16,404,2,33,110,212,55,125,152,39,342,165,71,118,178,9,58,9,49,2493
0319b,497,6,401,39,16,0,38,64,0,34,122,15,3,143,23,31,1,10,262,46,25,106,80,32,121,142,28,380,225,163,223,113,23,73,3,30,2006
0320f,175,10,154,135,7,0,59,30,2,12,235,26,0,71,30,38,11,17,188,23,17,52,101,29,38,110,9,143,163,163,31,73,5,53,16,5,901
0320g,242,10,182,41,2,0,57,23,1,12,122,15,6,71,19,44,1,10,168,5,11,30,92,14,35,100,16,95,95,86,34,61,20,51,3,14,1088
0320h,92,0,229,43,2,0,32,14,0,2,80,4,0,28,12,26,2,2,145,1,12,27,54,15,26,35,19,137,93,22,35,75,0,25,0,12,646
0320i,266,27,574,44,15,4,86,26,0,22,168,15,5,63,65,59,1,7,238,11,32,68,88,60,42,134,26,227,256,100,92,134,5,91,4,18,1636
0320j,245,11,492,94,11,4,75,18,2,6,276,16,8,91,36,73,4,14,223,21,46,54,122,16,16,135,16,271,267,114,114,113,5,96,5,30,1979
0324b,175,1,122,83,4,0,29,31,0,26,52,0,0,49,17,1,0,6,121,21,11,30,49,15,50,43,17,95,76,114,57,100,0,30,0,3,1005
0350a,262,16,341,136,7,2,36,31,0,30,176,29,22,158,48,57,1,26,253,201,40,82,111,44,71,146,51,386,218,206,438,96,35,108,6,22,1987
0350c,205,25,141,37,2,0,24,8,0,14,76,0,6,37,14,9,0,2,72,3,25,30,61,14,30,52,24,89,62,29,28,58,3,53,2,5,668
0352a,404,18,161,65,0,2,48,18,2,10,149,28,0,62,35,33,0,8,159,20,52,47,81,22,68,90,20,229,112,104,142,99,6,84,7,24,1347
0360a,55,3,29,24,0,0,8,5,0,2,20,2,0,12,1,12,6,8,36,7,9,12,47,5,7,5,3,39,30,22,26,14,1,20,0,10,253
0360b,111,0,38,31,3,0,2,4,0,2,29,3,1,36,2,14,0,2,42,25,10,14,54,6,3,31,3,57,61,23,54,37,3,13,2,4,419
0360c,204,9,223,181,23,0,39,37,7,19,163,19,1,76,48,30,1,9,182,94,37,47,66,63,129,70,16,331,247,124,76,99,40,68,19,16,1614
0360d,197,6,174,62,8,2,24,22,0,30,97,11,7,59,24,17,0,3,159,16,34,37,70,15,101,92,9,230,193,75,127,52,20,107,3,4,1092
0360e,206,14,246,169,19,0,19,25,5,20,132,23,7,97,16,36,0,6,139,31,35,51,114,38,141,87,20,185,174,115,96,104,6,69,4,14,1509
0368a,187,9,234,123,23,2,60,24,0,12,65,17,4,58,14,22,1,5,108,6,17,50,115,38,37,95,12,117,56,132,27,91,2,47,0,10,747
0368b,227,9,218,160,18,4,77,19,0,9,85,3,4,33,5,9,0,3,136,33,21,43,132,31,21,56,21,123,98,17,30,106,2,17,0,0,747
0374b,195,21,306,141,11,0,48,35,2,15,145,18,2,97,17,24,1,9,197,51,36,60,70,58,135,104,11,204,177,93,231,108,39,78,0,16,1599
0376a,188,4,160,63,5,0,41,21,0,49,72,8,0,79,19,14,0,6,107,27,28,49,78,28,96,69,9,167,82,62,304,67,9,38,10,11,975
0377a,153,6,239,48,2,0,82,65,0,30,131,33,10,105,31,34,10,3,126,35,22,37,119,14,118,89,24,351,154,109,87,75,3,48,13,30,1103
0377b,177,4,180,59,7,0,117,43,2,61,88,13,0,92,26,28,2,3,137,75,53,27,144,40,111,100,26,291,145,111,281,116,23,70,6,20,1425
0377c,256,16,144,69,6,0,107,61,4,55,123,8,4,58,64,44,2,10,185,37,60,27,122,47,131,109,32,282,211,81,146,216,14,235,11,21,1802
0380a,155,12,176,49,4,0,46,12,2,24,111,21,7,69,7,19,0,4,169,137,22,13,95,6,65,103,10,344,241,93,108,73,4,63,0,7,1031
0380b,134,6,134,38,6,0,67,24,5,24,104,6,0,42,4,36,9,11,150,43,21,18,135,2,67,94,4,396,210,59,36,68,2,12,2,5,933
0380c,110,18,306,54,4,0,66,11,2,20,236,16,0,56,24,13,1,12,209,14,34,15,107,17,80,124,10,301,219,89,59,50,5,25,1,4,985
0380d,307,9,327,33,8,8,49,33,0,21,176,12,2,42,4,38,0,8,179,25,25,37,79,34,81,114,4,282,224,77,65,85,4,27,2,10,1149
0387a,431,18,363,61,18,0,38,45,0,38,194,15,14,170,32,48,3,11,260,43,36,123,83,27,70,105,43,514,223,108,156,135,14,67,10,35,2146
0387b,442,26,300,87,11,0,69,50,2,28,163,14,25,171,22,15,5,10,305,56,27,81,177,51,120,133,52,433,231,161,128,163,9,105,7,33,2308
0390a,332,9,265,55,8,0,96,33,1,21,119,8,43,164,26,16,0,5,153,7,44,43,21,40,132,59,30,116,124,140,32,119,2,82,1,4,1170
0390b,295,4,287,28,13,0,62,37,0,25,121,9,82,174,12,19,0,2,117,20,17,63,60,39,87,104,33,153,138,114,16,86,7,33,3,17,1142
0390c,276,8,217,33,10,0,49,42,0,40,95,10,34,123,45,17,1,5,143,30,35,39,30,56,77,81,17,173,92,129,37,124,17,44,1,6,1362
0390d,198,2,165,21,2,0,40,20,0,38,48,4,36,90,36,3,0,1,60,23,35,28,9,36,48,42,27,85,70,94,21,71,6,18,1,6,747
0391c,78,4,262,81,2,0,19,19,1,15,131,2,0,53,9,25,3,10,90,64,10,9,35,26,84,49,24,305,227,77,138,51,7,51,0,15,1171
0391e,223,8,232,94,12,2,23,21,1,1,135,13,0,72,0,17,3,8,110,145,18,29,137,14,93,46,18,300,110,126,77,32,2,37,0,30,1447
0392a,79,6,183,9,4,0,41,11,1,27,50,4,17,41,4,11,2,3,122,1,9,26,76,9,47,84,7,155,62,109,22,76,0,38,2,9,495
0392b,103,5,205,11,1,0,27,10,0,4,139,3,0,59,3,20,2,3,121,12,23,37,71,14,43,61,0,244,155,30,75,80,2,35,2,41,697
0392c,60,5,129,4,3,0,20,13,0,11,165,0,3,61,1,22,0,4,64,10,10,7,54,7,18,61,10,248,132,22,46,46,2,23,0,6,497
0393b,401,7,435,91,12,10,40,16,0,26,122,6,19,116,17,35,0,10,153,21,27,60,114,51,84,68,32,156,112,226,59,94,8,75,5,7,1548
0397a,246,18,267,52,4,10,82,24,0,30,133,44,4,72,13,20,1,5,156,16,28,56,185,46,91,66,6,214,257,158,203,106,28,112,0,12,1637
0397b,323,23,440,132,5,14,89,77,10,44,212,40,5,110,48,74,4,16,343,18,55,70,127,54,214,127,36,466,335,178,418,205,13,201,18,18,2893
0397c,330,34,363,154,8,6,102,31,1,40,183,40,24,81,48,34,1,13,244,35,50,41,88,28,174,105,39,365,340,190,261,181,45,111,1,27,2296
0398c,226,7,194,67,14,4,44,51,0,36,97,18,0,69,20,28,5,7,147,27,54,52,158,19,126,92,29,220,210,142,97,84,10,66,19,22,1423
0398d,227,18,382,89,8,2,58,17,4,7,91,21,0,109,38,26,0,9,120,40,34,58,349,24,181,61,13,222,161,132,221,97,19,76,3,20,1959
0399a,217,12,151,40,4,2,58,23,0,15,125,16,3,56,26,24,2,24,152,5,42,38,202,8,11,84,17,128,66,122,48,88,5,122,1,2,973
0399b,190,6,184,34,3,4,34,11,1,15,118,4,0,90,38,127,0,3,125,11,19,29,154,25,36,88,27,203,104,43,38,111,0,26,7,26,974
0399c,294,4,148,67,2,0,26,10,1,29,148,33,5,77,11,97,8,12,109,69,26,5,254,9,12,97,19,338,187,100,81,108,14,47,6,16,1447
0399e,268,30,163,102,6,0,59,31,0,13,109,40,0,93,16,57,3,19,130,19,44,42,115,32,23,84,20,194,100,72,236,105,8,111,4,27,1565
0399f,277,14,176,35,18,0,41,32,0,35,249,15,4,128,14,33,2,9,173,2,35,38,155,17,25,120,9,333,169,109,56,108,12,44,5,23,1321
0399g,110,15,122,103,7,0,20,29,0,18,138,15,2,52,10,27,4,16,99,11,32,27,63,11,80,67,25,206,140,79,130,62,21,87,11,42,1110
0401a,318,11,260,87,6,2,28,35,0,5,156,10,0,111,7,68,1,3,184,6,49,74,54,34,53,120,44,240,163,140,61,78,5,51,1,17,1582
0401c,424,12,434,235,5,2,63,25,1,20,292,5,7,87,2,59,3,4,312,100,41,84,259,24,163,182,25,313,200,95,112,128,2,50,6,16,2651
0402a,492,25,650,106,20,4,65,26,0,29,229,25,8,87,66,57,1,17,251,103,74,70,268,37,68,143,17,337,230,166,156,194,7,182,0,9,2027
0402b,415,29,608,279,52,16,65,32,4,31,119,14,6,108,43,56,1,9,294,86,35,60,322,71,39,160,44,362,117,121,42,164,10,102,2,20,1853
0404a,281,2,398,67,7,0,22,13,0,21,105,9,0,65,15,35,2,11,189,47,28,58,203,28,93,102,35,245,184,128,178,110,12,78,9,18,1509
0404c,320,0,401,72,13,2,32,11,0,31,166,8,0,65,12,27,0,5,124,33,36,40,146,31,87,89,29,211,427,84,182,147,18,68,1,18,1527
0404d,282,12,382,66,2,0,18,14,0,16,128,14,0,87,12,36,0,7,139,44,40,47,130,10,52,105,28,215,183,149,195,159,21,58,2,12,1413
0405a,834,22,426,346,13,2,150,55,0,74,267,25,10,165,37,80,6,23,233,8,118,90,101,77,52,174,60,453,416,153,93,149,4,95,16,33,2484
0405b,612,11,431,210,8,0,152,78,0,65,318,23,4,158,58,95,13,30,245,17,66,96,226,69,60,158,54,445,299,202,106,174,13,129,28,77,2519
0405d,43,2,43,28,0,0,15,11,0,0,89,0,4,21,2,5,1,2,15,2,7,11,19,4,2,18,0,41,15,10,7,25,0,18,3,6,233
0407a,392,6,546,48,36,10,149,49,0,77,109,19,32,236,46,23,1,6,221,19,53,93,67,36,122,174,49,335,280,291,59,280,30,96,8,19,1879
0407b,608,11,587,48,7,8,148,102,3,50,291,30,41,343,51,68,1,19,400,23,81,134,89,33,118,266,75,326,361,314,39,217,13,93,5,15,2976
0407c,115,6,237,7,11,2,62,55,0,29,61,13,21,122,37,8,1,15,95,5,17,40,22,22,77,96,24,135,130,175,15,114,3,30,1,10,784
0407d,145,0,269,45,6,6,63,47,0,23,84,17,21,121,31,13,1,14,129,7,16,59,24,40,66,102,21,158,265,240,31,131,6,33,7,13,1251
0408b,299,10,410,177,18,0,40,10,0,4,203,6,0,79,27,20,5,6,152,12,32,35,124,25,33,114,8,157,247,101,64,115,0,22,6,11,1273
0408c,128,2,134,56,2,2,20,4,1,15,132,8,0,70,8,34,3,1,55,25,19,20,37,20,23,70,14,223,163,68,124,62,0,36,4,15,872
0408d,132,2,137,31,2,0,2,4,0,1,97,0,0,39,4,22,3,0,37,15,8,20,77,19,12,48,12,146,148,22,74,79,2,37,0,7,599
0408e,201,4,175,61,6,2,12,9,0,7,104,11,0,95,8,60,4,34,98,17,53,4,206,10,15,92,27,392,171,202,196,112,9,67,1,15,1211
0408f,236,4,182,34,0,0,11,11,1,6,113,6,1,101,15,58,0,33,146,66,31,12,163,13,7,100,12,272,192,116,261,91,3,90,0,20,1356
0408g,245,2,128,16,8,0,9,12,0,3,94,7,0,84,5,32,2,5,90,38,16,0,100,14,11,81,14,207,148,80,176,82,0,58,2,8,947
0409a,199,7,170,38,7,0,64,35,0,23,76,8,1,93,18,29,2,2,167,41,29,38,86,37,104,51,15,162,456,89,143,98,20,48,5,22,1218
0409b,348,10,189,49,0,0,54,40,1,14,99,18,15,114,9,35,1,7,144,22,20,54,87,34,120,50,20,211,206,192,80,116,9,69,0,15,1301
0409c,395,15,181,64,5,2,14,10,0,7,114,12,7,81,14,26,0,4,151,45,46,34,87,21,95,35,17,173,143,92,248,62,0,144,5,4,1280
0409d,212,11,181,34,1,0,20,20,1,19,94,9,10,70,30,22,0,5,119,36,34,27,136,27,109,51,19,236,240,151,120,105,30,63,5,21,1269
0409e,336,15,139,55,2,0,23,20,0,10,116,10,8,98,15,44,8,6,107,61,40,73,92,52,151,37,18,150,187,72,91,82,11,56,5,7,1368
0409f,373,14,165,57,3,0,44,21,0,22,156,18,4,92,32,59,3,8,134,84,56,47,133,17,124,47,34,217,201,119,114,119,6,69,5,22,1666
0410a,282,17,355,176,9,10,66,43,4,67,215,5,5,89,33,21,2,24,424,46,40,61,83,25,158,169,65,299,573,316,378,167,35,162,9,30,2798
0410b,214,2,298,141,6,10,33,38,0,40,226,16,4,75,17,23,1,13,223,55,31,62,420,14,108,130,36,303,280,73,266,111,5,56,13,23,1919
0410c,177,6,139,122,3,0,39,24,1,23,135,13,0,73,31,34,0,18,142,14,32,39,546,37,129,79,40,237,104,105,71,67,42,72,6,18,1610
0410d,220,14,259,100,4,2,34,28,0,66,119,35,4,44,16,17,8,4,172,25,16,56,164,47,113,83,37,287,258,113,126,66,4,38,26,12,1621
0410e,141,11,104,71,10,0,33,36,0,59,59,12,2,62,14,23,2,7,124,65,41,26,126,9,77,81,21,154,99,87,349,95,13,38,11,9,1210
0411a,191,19,270,79,11,4,40,52,2,16,140,17,5,95,19,15,0,6,119,22,27,47,86,56,94,89,14,198,181,145,180,129,12,96,16,9,1484
0411b,211,6,222,58,5,0,16,32,1,13,103,8,3,89,9,48,0,2,60,22,29,20,54,10,82,39,13,222,93,123,233,96,2,53,0,17,1238
0411c,367,63,290,121,18,12,78,79,6,47,297,19,20,145,43,53,8,18,197,25,32,70,81,106,179,147,36,381,298,150,254,204,27,73,20,37,2312
0413a,245,6,143,39,2,0,12,10,0,7,70,24,2,27,3,10,0,2,93,17,25,26,65,12,17,53,11,114,80,105,39,64,1,42,0,5,847
0413b,200,4,212,42,5,0,54,26,0,21,77,2,16,57,25,23,0,6,96,12,21,32,44,20,34,68,26,134,115,87,31,95,21,45,1,5,1081
0413c,475,7,214,131,8,0,25,31,0,17,248,32,13,218,18,101,7,18,281,88,88,71,390,23,56,189,54,381,182,156,215,262,4,201,6,15,2567
0413d,185,11,206,195,0,0,11,53,0,8,273,31,22,149,20,42,3,19,194,385,54,53,95,24,47,207,64,513,532,150,196,176,2,162,1,61,2274
0413e,450,15,367,166,5,0,49,34,1,23,155,25,4,154,15,49,3,6,269,73,37,63,101,33,46,141,64,372,386,146,158,277,4,129,5,30,2143
0417b,270,13,259,66,2,0,29,24,0,36,123,19,10,83,27,35,0,5,169,64,52,36,102,11,91,93,30,311,129,142,180,89,21,68,0,13,1544
0417e,306,6,377,47,6,2,36,29,0,39,130,18,1,106,18,26,10,24,138,28,49,59,149,29,87,104,11,255,192,135,50,108,16,105,11,41,1426
0422a,293,29,603,211,8,4,122,78,4,64,204,27,5,216,95,58,3,82,251,44,61,95,135,74,94,163,37,477,201,213,116,119,12,149,7,30,2041
0422b,436,14,555,188,11,0,120,84,2,52,253,34,28,168,40,104,5,14,247,43,32,133,181,69,78,134,49,488,141,157,85,103,20,95,8,50,2139
0423e,363,18,282,109,15,0,48,21,0,22,107,28,1,46,29,29,5,11,238,57,66,39,193,19,127,62,37,261,135,219,146,149,13,118,9,10,1947
0428a,243,0,282,123,7,2,100,32,4,35,168,51,5,131,36,14,3,11,274,92,53,51,247,22,108,97,57,302,220,120,356,108,20,111,8,25,2019
0428b,371,8,242,51,8,0,96,34,0,49,222,84,3,148,45,31,2,16,267,70,59,58,429,27,139,143,43,378,166,126,201,119,27,146,15,23,2122
3001h,213,14,146,49,17,2,39,14,0,3,164,16,3,25,9,28,1,7,70,46,22,27,55,8,53,87,16,174,215,50,44,51,1,36,5,12,903
3001i,212,6,109,26,6,0,27,16,0,5,175,5,0,25,3,31,8,19,150,71,18,18,58,29,25,63,11,243,53,41,27,57,2,21,0,13,832
3001j,212,34,223,22,0,2,18,10,0,2,68,6,1,36,0,21,0,3,77,11,18,12,63,16,20,70,14,217,55,42,48,65,5,28,1,10,702
3013b,150,24,163,237,11,2,17,5,0,14,50,9,0,20,4,30,3,12,73,0,26,19,133,10,21,48,15,50,39,90,28,63,6,77,2,13,721
3013c,195,5,167,185,8,6,49,21,0,6,105,3,13,45,8,48,7,7,132,2,25,48,86,16,33,79,28,155,59,75,51,89,1,51,1,20,749
3013d,237,8,255,257,15,2,55,21,0,12,176,28,2,99,25,82,6,8,210,9,34,53,248,19,23,117,21,240,122,123,55,122,5,58,0,19,1072
3013f,162,17,401,87,6,0,33,54,1,36,233,24,86,139,50,29,1,8,152,5,53,38,121,54,75,114,16,383,138,167,27,132,18,117,0,21,1309
3014a,298,32,233,102,6,0,22,16,0,13,128,5,1,69,7,21,0,7,162,9,26,41,48,25,30,63,12,248,54,54,81,64,7,60,3,8,1035
3014b,375,14,269,142,6,0,57,37,0,37,87,4,0,108,25,19,0,1,148,11,32,54,52,59,68,95,27,188,93,51,63,147,0,32,0,19,1056
3016b,201,10,109,77,3,6,44,18,2,30,225,8,0,50,6,69,3,21,136,17,23,20,83,14,12,97,6,167,77,81,15,88,7,38,3,10,1075
3016c,348,11,183,63,4,0,22,54,0,18,110,14,4,89,12,24,0,14,142,25,34,58,93,17,40,74,19,128,109,67,29,121,4,53,3,16,1242
3016d,186,9,124,60,19,0,76,36,2,18,151,7,4,76,7,17,2,11,147,46,11,33,52,21,41,82,22,317,64,55,33,118,2,28,8,11,1166
3017c,229,12,350,295,15,0,26,25,0,8,210,38,0,118,46,39,0,8,167,18,36,82,287,22,80,78,43,190,73,149,91,132,6,95,2,13,1300
3018c,163,33,211,151,13,2,24,21,0,8,83,9,0,60,14,20,0,2,117,3,17,53,173,27,36,55,30,132,44,116,58,65,7,109,5,15,990
3018d,103,18,307,64,8,2,48,35,0,23,64,21,3,76,32,16,0,3,91,3,21,39,93,29,52,76,15,115,84,171,41,59,20,62,8,8,779
3019a,135,2,151,32,4,0,27,78,2,31,33,3,30,76,13,5,0,8,75,3,15,55,13,24,41,59,24,57,96,41,29,76,10,11,5,4,578
3019b,110,0,145,70,14,0,44,15,0,29,38,1,22,86,14,3,0,3,69,0,15,37,9,14,32,65,27,124,132,87,35,34,28,27,5,11,601
3019c,91,14,193,37,4,0,41,52,2,26,35,1,8,64,18,7,0,3,101,3,21,38,20,21,50,50,11,98,83,31,44,84,9,11,16,10,641
3019d,254,6,175,52,14,0,38,32,2,19,68,4,13,104,33,21,0,2,132,4,34,58,53,20,55,114,14,102,87,68,31,62,6,26,6,5,838
3019f,248,4,214,83,14,4,58,26,2,16,143,4,3,60,19,22,0,0,150,9,15,36,38,34,45,86,20,119,79,47,11,52,10,21,10,16,793
3019g,234,16,150,112,20,4,62,54,1,33,103,17,37,86,32,10,1,9,110,21,21,45,47,52,64,109,7,145,102,73,82,118,8,38,1,15,978
3019h,181,6,212,95,3,0,69,20,4,17,78,6,0,91,34,5,0,4,126,21,13,62,25,18,36,105,12,124,132,141,30,89,22,24,1,17,895
3020a,113,26,139,101,3,0,51,15,1,18,57,9,0,37,17,7,0,11,92,4,14,29,107,23,13,31,20,74,60,69,27,37,5,55,4,12,564
3022c,72,6,119,205,10,0,29,26,2,7,41,0,0,28,46,13,2,6,83,10,4,31,55,6,26,39,24,81,57,63,24,54,2,26,5,19,552
3022e,209,9,149,240,34,0,49,32,0,24,84,8,0,55,25,35,8,2,170,2,30,44,144,25,25,86,1,196,32,51,86,114,2,41,4,48,802
3025b,227,6,82,17,7,0,33,11,2,15,114,3,0,58,24,22,1,5,132,27,33,31,128,15,58,78,15,131,67,53,39,35,0,44,3,8,814
3025c,327,2,177,36,13,0,86,28,2,19,183,29,0,117,16,75,2,3,148,16,51,66,148,33,70,69,10,237,125,133,101,107,5,68,7,20,1263
3028a,409,9,188,39,1,2,82,26,1,36,216,5,0,74,16,74,0,5,205,8,35,55,115,27,65,78,9,234,109,57,61,121,0,53,3,7,976
3028b,464,16,297,109,7,4,87,29,1,31,326,27,4,92,22,29,0,31,259,8,38,59,145,25,46,101,33,287,132,155,47,88,7,68,5,26,1505
3028d,425,22,283,108,13,4,70,39,0,26,326,7,1,116,35,33,0,25,286,23,32,63,122,47,85,124,33,396,143,128,47,110,27,38,6,31,1872
3029a,308,17,277,288,5,4,59,20,0,21,254,50,0,80,25,43,1,8,102,10,36,46,101,30,38,40,3,141,96,120,19,76,8,87,5,9,1127
3029b,169,11,157,130,2,4,61,9,2,11,153,16,0,51,27,31,0,6,113,73,39,27,101,10,25,49,12,151,103,36,38,58,6,56,1,31,717
3029c,258,8,265,268,5,2,64,4,0,23,224,5,0,36,40,57,3,8,110,6,35,28,116,15,35,44,23,125,71,77,23,71,3,50,3,6,1031
3029d,229,8,150,201,15,8,62,25,1,26,258,14,2,67,30,32,4,8,165,35,18,36,56,3,30,35,28,231,142,48,35,142,8,80,2,35,959
3038a,115,12,141,55,29,4,52,30,0,12,211,17,4,56,32,35,0,2,208,7,31,40,136,5,25,69,3,319,69,35,25,99,0,48,2,27,842
3038b,113,2,127,86,10,0,41,15,0,6,121,3,0,55,27,35,0,5,111,91,22,13,60,11,9,79,4,287,75,68,16,97,3,37,9,12,621
3040a,148,8,188,134,13,2,35,9,0,11,164,10,2,64,11,25,2,1,62,5,27,49,73,4,15,63,9,176,56,45,37,76,2,34,0,35,774
3040b,147,1,120,81,5,4,29,22,0,10,110,14,0,44,6,39,3,8,96,25,18,44,79,12,21,62,14,249,50,79,45,51,7,22,7,39,741
3040d,53,6,117,65,2,6,32,13,0,5,35,6,0,50,10,16,0,44,54,1,21,24,49,11,7,34,6,70,22,44,20,26,7,57,0,9,465
3041a,104,17,171,94,2,8,70,31,1,30,119,24,0,62,63,27,0,7,124,12,26,42,142,12,21,69,6,148,37,73,15,54,7,49,1,7,706
3042d,238,17,200,143,4,2,22,32,1,14,95,10,0,75,15,10,1,6,111,59,33,52,173,22,31,68,12,137,141,89,48,56,13,61,2,13,1135
3042e,202,13,261,72,9,8,70,36,2,35,180,7,49,85,24,23,0,8,158,27,48,45,96,13,45,114,30,283,110,92,25,53,6,65,5,10,1226
3048b,456,5,347,60,9,2,61,30,0,21,215,27,2,104,11,36,1,12,126,26,44,57,126,22,123,98,18,210,135,112,84,64,1,77,4,25,1624
3053a,84,0,270,29,10,0,37,15,0,3,164,2,5,81,11,29,1,2,77,17,4,42,36,16,34,52,8,140,85,68,35,42,0,36,1,14,726
3053b,160,9,99,37,2,0,41,7,0,32,224,4,0,63,20,32,4,7,99,61,29,65,54,5,7,80,5,140,222,20,24,95,0,60,2,20,746
3055a,111,2,120,1,0,0,43,24,0,16,98,2,2,52,7,3,0,3,86,20,19,24,39,14,15,77,11,114,97,60,47,56,1,18,0,3,540
3060a,177,26,209,371,9,0,49,4,0,15,150,14,0,54,19,23,2,10,98,8,37,18,133,18,12,76,19,132,70,69,33,43,10,35,0,24,898
3060c,302,3,114,78,21,2,90,20,0,10,165,1,0,77,8,22,2,2,140,58,26,46,62,14,23,103,11,101,76,60,15,56,8,42,4,4,704
3060d,196,2,266,132,4,0,58,15,0,24,135,6,0,39,15,32,0,6,97,11,28,31,86,21,12,88,7,167,64,63,28,47,6,41,0,17,756
3061d,280,0,109,28,12,2,82,22,0,10,121,12,7,40,8,24,0,3,151,0,19,37,46,43,42,100,14,140,34,44,7,55,4,41,8,8,852
3063d,165,10,153,152,6,4,52,21,0,28,53,16,0,57,10,11,2,6,134,14,17,27,103,3,28,67,12,131,117,160,38,50,3,67,11,7,743
3073b,527,61,479,351,45,4,92,20,1,49,317,32,0,115,44,69,0,17,291,17,79,63,395,82,56,137,52,327,41,133,45,215,3,135,2,24,2155
3074a,150,27,148,184,5,0,29,10,0,16,57,2,3,54,22,31,0,2,125,4,19,19,159,18,9,47,14,100,27,54,32,61,3,112,3,1,766
3075a,66,4,120,50,0,0,39,12,1,8,69,6,0,46,12,15,0,4,67,2,16,20,86,3,6,44,5,56,41,38,10,22,2,22,2,7,489
3075b,111,4,332,19,4,0,53,23,2,25,69,21,5,79,11,1,1,5,159,2,23,56,140,12,38,70,27,93,74,189,45,57,16,60,5,5,949
3086a,148,4,472,34,0,0,16,28,0,13,199,5,8,90,6,8,3,4,79,44,28,13,57,36,99,83,42,421,132,128,59,55,0,38,6,14,1331
3088a,190,12,57,28,11,4,25,7,1,11,165,14,6,34,7,18,0,9,87,0,15,30,49,35,20,48,10,91,63,46,7,77,7,28,0,1,427
3088b,115,9,126,11,2,2,34,14,1,12,73,0,9,38,15,13,2,2,65,8,11,23,64,22,27,67,21,112,38,42,17,25,3,27,3,0,449
3098a,115,0,96,4,0,2,26,17,0,18,72,7,1,45,2,4,1,2,56,6,11,43,45,13,20,42,14,69,79,26,22,27,0,12,0,0,481
3099b,223,0,148,21,5,0,33,16,1,12,82,0,0,31,14,0,0,2,76,7,42,41,17,19,43,58,17,75,79,23,5,69,6,31,2,9,551
3099d,130,0,116,7,2,0,43,42,0,21,39,4,55,54,26,23,4,5,76,2,10,42,32,43,21,60,17,108,26,91,13,43,6,16,13,6,504
3101a,126,15,241,97,4,4,36,5,0,17,62,7,0,45,7,6,0,2,96,2,42,56,108,17,25,72,17,124,38,92,39,59,8,63,3,28,716
3101h,30,0,89,79,12,2,50,4,0,16,52,9,0,17,8,8,0,10,46,1,19,23,98,8,8,41,2,71,39,37,12,39,0,15,5,3,376
3107a,59,0,103,20,2,0,23,7,0,3,42,6,10,17,2,14,0,1,41,3,7,16,14,7,7,15,4,72,33,17,11,19,0,19,1,0,259
3118a,243,21,192,61,3,0,35,12,0,15,118,9,14,89,14,22,0,2,93,4,17,28,73,38,48,76,18,134,56,84,23,42,0,34,3,11,759
3121a,400,20,313,335,14,0,88,36,0,32,174,23,0,88,66,46,1,11,172,2,45,82,274,70,59,109,44,173,87,147,71,159,16,262,0,28,1771
3125b,355,10,91,132,2,0,9,23,0,10,117,11,2,35,28,32,0,1,168,3,27,57,58,17,12,122,13,132,70,47,27,66,1,32,3,30,590
3125d,172,7,192,73,15,0,53,15,0,6,37,9,6,37,6,5,0,0,131,4,18,26,29,16,54,80,21,104,36,64,12,41,0,51,0,0,407
3125e,208,12,133,170,18,0,23,49,0,10,108,7,7,31,18,22,0,2,131,3,23,30,54,51,44,116,16,184,84,83,21,51,8,24,0,9,516
3125g,298,4,121,113,7,2,52,21,0,4,95,3,1,32,25,12,0,2,184,37,13,34,49,14,44,87,19,144,92,34,89,76,0,28,5,24,457
3126b,93,2,213,23,14,0,42,26,0,27,114,1,6,101,17,11,2,1,162,9,28,42,53,39,69,59,1,162,92,128,38,54,8,42,2,5,935
3127a,258,42,429,131,0,4,122,22,3,49,98,22,30,113,24,23,0,5,181,6,40,38,92,56,48,130,30,197,124,184,35,88,17,107,3,13,1265
3127b,341,20,270,126,8,4,99,46,1,37,159,20,25,88,22,11,1,8,232,6,35,66,67,43,116,121,26,155,148,91,43,117,10,51,3,26,1429
3128a,319,31,327,106,5,0,55,20,10,42,97,37,25,101,37,32,0,5,126,3,28,34,90,43,53,61,26,114,99,139,24,101,5,84,3,13,1103
3128b,312,28,259,83,5,2,31,28,0,34,210,21,39,85,36,17,0,1,180,6,40,71,49,36,61,102,30,240,98,159,40,95,0,62,2,18,1299
3135c,143,4,213,50,2,0,35,31,2,22,119,19,3,83,28,27,2,2,88,99,30,42,77,15,67,95,9,153,118,70,96,69,11,35,4,9,1022
3145a,376,0,149,69,2,0,47,9,2,15,146,21,16,64,32,9,1,1,134,12,56,46,36,72,75,51,18,98,157,79,52,69,0,26,4,0,861
3145b,174,13,142,97,0,0,39,34,6,18,90,28,43,112,32,35,5,1,55,20,52,48,45,25,73,63,15,181,344,155,101,101,5,49,5,20,1019
3145c,225,5,274,70,11,0,34,15,0,11,68,13,15,116,19,6,0,1,105,9,18,67,19,19,52,64,24,156,83,218,42,108,2,42,4,11,869
3147a,160,6,346,102,9,4,17,13,0,9,85,3,23,100,33,27,1,7,104,14,24,59,70,17,112,54,18,187,139,113,43,46,7,24,4,20,1202
3147c,267,0,192,131,8,0,71,32,1,37,146,2,16,74,24,12,0,3,215,9,33,66,46,22,119,85,29,91,100,39,37,78,9,47,6,6,1072
3147d,275,32,282,135,8,4,39,44,2,38,95,22,29,81,12,12,0,13,109,53,39,33,81,37,135,98,18,209,171,70,105,115,10,81,4,11,1136
3147f,128,4,252,112,2,6,48,43,0,19,68,15,8,98,20,9,2,6,101,76,22,49,47,26,114,69,8,149,93,154,50,87,5,44,4,13,1027
3152a,95,6,114,115,4,0,43,23,0,9,149,20,0,46,21,7,0,3,130,9,24,36,127,11,23,51,36,50,43,54,23,43,1,42,0,5,553
3159a,118,3,240,56,4,2,36,25,0,11,114,6,0,66,25,7,0,13,82,2,16,49,41,33,93,65,19,174,102,104,23,65,3,59,3,18,777
3162a,145,18,238,152,3,18,42,10,5,19,111,22,0,73,22,18,0,3,157,19,25,39,139,35,52,85,25,183,61,126,29,69,11,50,1,12,722
6006a,514,20,216,200,10,8,148,44,4,34,436,9,1,160,28,50,1,9,504,49,40,36,169,34,40,223,46,396,190,120,54,180,6,81,12,44,2340
6006c,405,13,319,224,13,4,84,37,4,20,330,10,7,106,17,44,13,19,426,192,47,26,102,33,34,179,44,542,242,137,109,147,2,70,7,32,2264
6006d,427,24,265,346,21,12,133,35,9,41,480,12,3,112,21,42,1,11,447,44,44,29,153,36,62,183,27,349,184,83,147,164,6,89,20,31,2343
6006h,53,0,35,0,2,0,19,6,0,3,89,2,0,27,1,5,1,0,20,12,4,12,26,2,12,13,3,50,24,15,6,20,0,4,2,1,246
6006i,73,11,56,9,0,0,27,6,0,6,56,0,1,14,2,0,2,2,36,8,6,18,30,14,8,21,6,72,25,21,5,28,0,7,0,10,288
6009b,198,4,157,17,5,0,41,17,0,26,111,11,14,59,18,32,0,2,233,2,32,47,51,33,74,74,23,214,111,63,22,113,1,85,2,25,1104
6009c,162,0,119,45,0,0,43,28,0,20,154,7,0,49,15,10,1,0,143,0,24,38,32,10,70,105,15,124,94,31,22,47,0,11,0,2,775
6010b,213,5,159,92,6,2,25,18,0,9,69,6,7,16,5,11,0,2,118,16,22,33,95,11,30,30,13,74,60,47,52,64,1,24,0,0,624
6010e,402,23,418,209,11,8,31,16,0,11,104,25,6,58,25,25,0,1,198,12,30,48,65,40,82,79,11,173,102,59,29,65,1,49,5,5,1162
6010f,313,31,128,75,9,2,67,22,0,10,125,36,2,55,14,19,0,1,160,0,30,27,53,33,57,51,20,107,57,39,23,77,3,51,1,13,980
6010g,355,4,135,93,7,0,59,27,0,12,92,22,2,69,23,23,0,4,135,2,46,52,36,11,66,58,10,128,74,49,18,58,7,20,4,9,950
6018b,214,8,218,29,22,2,48,20,0,5,101,4,6,51,3,22,0,2,230,19,14,28,43,21,64,47,42,139,64,59,75,65,0,54,1,3,917
6018c,56,2,44,3,2,0,28,5,0,1,32,0,8,20,0,2,0,0,39,0,6,10,15,11,20,13,6,60,15,13,0,23,0,5,0,2,210
6018d,55,3,44,4,6,0,16,13,0,5,23,3,0,26,0,9,0,0,35,3,9,20,22,4,32,16,10,33,15,9,1,15,2,7,2,4,163
6018f,347,10,304,37,20,0,64,46,0,25,121,26,21,95,19,18,1,4,278,3,23,48,40,36,105,98,31,200,87,48,37,104,9,57,10,18,1017
6020b,288,14,160,61,11,2,21,10,0,16,79,14,5,39,9,35,0,5,183,1,22,23,46,40,28,61,14,205,25,52,31,61,1,33,3,11,717
6020d,268,7,146,132,15,2,29,29,0,16,124,26,10,68,26,36,2,8,170,105,12,37,90,18,37,86,30,240,94,67,68,98,3,64,4,30,1031
6024b,304,10,178,35,6,0,33,32,0,9,117,18,2,62,13,24,1,2,180,2,25,41,67,20,117,99,34,195,69,56,22,104,2,58,16,11,1041
6024c,341,5,114,55,2,2,46,23,0,11,110,6,2,56,29,4,3,3,194,3,25,45,36,24,26,54,43,131,134,70,20,71,2,26,0,12,892
6029a,79,0,313,27,0,0,15,19,0,27,58,10,18,105,9,11,5,2,73,9,7,44,24,21,46,51,6,190,177,55,23,76,0,58,3,33,738
6029b,76,5,322,7,4,0,14,14,0,22,144,8,12,75,25,6,4,2,149,13,21,41,22,21,49,66,10,288,190,131,30,63,10,47,2,24,945
6029d,71,9,307,10,6,0,4,12,0,8,123,5,1,51,26,15,3,0,49,31,22,26,22,7,48,38,3,254,103,68,28,62,10,29,0,32,666
6032b,228,3,91,15,2,0,56,37,0,15,219,24,9,68,7,23,0,5,105,43,23,25,70,12,18,60,5,184,39,30,75,43,0,38,3,4,772
6033a,151,15,86,4,17,2,39,11,0,16,269,9,3,69,6,24,2,7,116,36,24,17,50,7,32,107,26,281,40,42,34,71,0,40,8,13,712
6033b,252,13,130,16,18,4,86,38,2,94,335,10,13,112,16,17,3,3,186,18,26,56,73,19,50,161,12,268,126,68,15,105,9,133,0,10,984
6033c,223,17,210,10,6,0,68,38,2,131,202,6,5,84,26,40,0,6,190,62,40,20,92,23,33,176,11,390,95,74,87,100,6,63,5,12,955
6033d,278,8,238,14,8,6,72,34,1,29,227,4,15,90,33,39,4,2,237,19,30,35,86,32,46,178,21,331,115,74,57,147,4,64,3,12,1005
6033e,226,19,154,39,5,4,107,24,0,92,306,14,15,68,15,41,5,0,212,43,22,42,78,39,36,141,23,411,103,44,6,141,2,55,6,5,1253
6033h,87,4,203,7,13,2,35,23,0,38,141,2,2,85,10,28,0,3,94,31,11,32,42,0,50,89,3,268,56,70,59,52,0,46,7,20,800
6038a,289,0,139,69,3,0,35,21,0,14,89,18,5,40,12,11,0,0,106,3,32,22,30,16,44,48,27,78,61,52,9,73,9,32,7,13,999
6038b,317,7,38,77,11,0,18,8,0,6,76,10,0,25,53,8,0,0,159,0,12,31,37,15,52,55,15,126,77,35,9,37,0,15,1,3,788
6038d,539,24,138,75,16,2,58,17,0,31,105,11,23,49,16,10,0,1,344,1,39,49,79,35,82,87,30,190,152,48,51,125,3,38,9,25,1614
6039a,133,14,158,34,8,10,33,22,0,11,183,10,0,69,4,7,2,1,94,15,7,27,30,19,20,51,15,222,24,29,18,36,4,24,0,3,729
6039b,128,10,107,10,3,0,15,4,0,8,232,17,3,26,6,37,0,1,125,74,22,15,48,25,13,79,17,192,12,37,27,24,0,22,2,8,670
6039c,29,0,29,0,2,0,10,0,0,5,149,4,0,12,3,10,0,0,31,5,10,9,6,5,4,9,3,54,11,22,6,14,0,2,0,2,261
6039d,102,6,243,19,6,4,36,33,0,13,79,4,4,45,9,5,0,1,80,39,24,23,31,14,30,50,15,151,31,50,15,53,0,13,3,13,597
6040a,96,12,166,83,3,6,30,13,0,44,54,3,0,59,10,5,0,1,115,57,21,24,131,3,59,61,3,175,115,58,50,54,2,34,1,5,848
6042a,182,20,154,11,17,4,24,9,0,13,49,0,0,38,4,14,0,7,161,8,11,26,26,10,15,52,20,129,30,30,58,67,0,23,0,15,481
6044a,164,5,116,82,7,0,38,19,0,12,142,1,5,41,20,13,0,0,113,1,40,56,44,22,33,74,18,177,71,35,13,65,0,20,5,15,903
6048a,230,10,338,47,8,0,49,23,2,19,91,13,3,36,22,30,0,2,156,4,24,45,69,24,51,93,26,85,60,67,24,79,0,32,2,10,912
6053c,72,10,151,48,3,0,11,8,0,7,75,10,12,42,10,39,0,5,105,51,28,12,83,13,28,59,31,235,185,78,50,132,2,29,0,7,860
6053d,59,4,291,18,13,2,23,27,0,13,178,26,23,68,23,19,2,5,146,41,26,16,68,12,29,97,23,347,168,163,36,137,5,111,2,12,1132
6053e,101,8,301,41,6,0,85,14,0,16,91,14,9,45,12,67,2,15,89,7,20,17,112,9,32,95,29,314,59,69,85,74,2,33,2,9,830
6053f,91,9,178,28,3,0,50,15,0,29,100,24,8,78,10,32,4,29,123,38,17,15,34,10,29,79,39,220,175,79,91,99,5,45,8,17,859
6053g,188,2,175,90,25,2,95,24,1,13,168,6,5,63,9,36,0,2,173,27,21,19,110,25,20,116,49,253,216,53,53,129,10,33,2,7,998
6053h,147,4,156,22,16,0,81,28,0,19,193,10,2,92,13,19,0,2,138,29,16,26,29,24,21,60,33,224,98,60,88,65,0,34,2,5,787
6053i,115,11,187,42,4,0,30,5,0,9,75,4,10,47,5,17,4,1,133,10,9,21,13,5,49,58,31,205,101,69,30,60,0,50,0,7,730
6054a,67,0,198,10,4,0,29,10,1,11,93,13,8,63,20,9,1,4,88,11,11,25,19,4,39,43,10,167,161,32,20,39,6,28,0,36,621
6055b,156,27,160,90,17,2,17,8,0,7,58,1,18,17,6,6,0,1,148,5,15,20,29,21,28,36,11,83,23,20,47,39,1,22,5,2,514
6055d,333,5,168,68,2,2,56,4,0,11,151,24,3,48,9,17,2,3,124,2,31,39,90,21,28,62,14,71,100,43,28,50,5,49,1,1,850
6057a,187,4,87,52,4,4,67,5,0,33,198,5,0,58,4,46,5,5,121,44,9,19,27,19,8,47,10,196,80,42,15,94,3,36,2,7,644
6058a,342,25,210,165,23,2,71,46,0,20,118,7,4,65,17,20,0,3,207,7,28,36,134,46,46,140,31,245,101,78,27,144,1,52,5,18,1160
6058d,190,18,244,34,8,0,66,34,0,31,133,2,4,68,24,18,0,3,206,54,26,27,40,25,50,104,21,123,63,93,10,86,1,20,6,9,908
6058e,340,4,122,34,0,0,48,50,0,22,105,5,2,57,5,6,0,0,210,2,20,37,51,9,51,98,23,85,94,19,9,130,0,8,4,13,723
6059a,282,31,371,24,28,8,82,17,0,7,131,2,21,73,11,17,0,2,187,9,27,44,44,41,78,98,16,199,70,34,21,79,0,107,4,21,881
6059b,199,9,152,20,1,0,30,17,0,16,102,10,39,67,9,14,2,0,198,28,12,44,52,16,62,75,22,113,53,31,48,52,2,26,3,7,703
6059c,262,7,117,37,9,4,68,7,0,10,91,1,14,69,43,20,0,0,201,3,20,41,50,24,36,76,33,164,150,27,13,44,2,39,0,4,738
6059e,269,10,136,18,16,2,66,25,3,11,85,9,7,67,25,24,0,3,133,2,34,37,45,30,54,73,18,107,64,47,16,43,7,49,7,17,821
6060a,201,21,200,30,4,8,47,33,0,42,195,8,4,69,6,17,4,7,109,21,34,42,57,32,36,85,29,231,83,49,69,69,7,30,8,7,806
6060b,57,10,128,6,2,2,12,9,0,13,64,12,0,24,7,27,0,0,63,56,7,6,26,7,19,54,2,142,64,31,22,37,3,21,2,4,406
6060c,85,10,180,3,8,0,12,13,0,18,62,9,2,46,0,8,1,0,68,43,12,15,37,5,15,43,6,139,102,56,24,33,0,32,0,16,465
6060d,61,2,235,17,4,0,18,3,0,9,138,5,4,54,11,18,2,4,51,22,11,19,24,6,28,47,8,200,45,42,74,14,5,15,0,4,488
6061b,228,12,158,11,4,0,23,17,1,7,101,9,3,41,19,13,0,1,137,11,37,28,59,14,43,51,26,170,86,45,44,48,0,71,5,7,979
6061c,283,7,110,18,0,2,61,34,0,14,89,10,2,70,14,21,1,2,157,2,33,39,52,20,36,103,17,150,86,51,11,70,2,39,2,5,751
6064a,506,15,243,61,12,0,40,36,0,41,164,16,9,116,47,30,1,3,377,33,49,50,143,28,73,144,53,320,163,86,84,128,4,93,5,13,1905
6064b,236,10,129,17,10,0,57,7,0,18,135,5,1,51,17,4,0,2,116,1,25,32,59,13,42,57,7,101,39,22,10,49,4,26,2,2,869
6064c,337,4,306,98,10,2,48,26,0,20,373,15,12,109,29,29,1,1,290,21,40,44,138,25,96,131,29,379,154,94,46,93,2,62,7,11,1840
6064e,206,2,105,34,5,0,51,21,1,29,139,4,0,66,7,4,1,2,204,9,13,40,30,18,38,91,29,106,56,41,23,80,0,34,15,5,822
6066a,95,6,222,8,0,0,34,36,0,17,61,1,3,74,17,2,5,0,70,32,16,32,37,4,33,74,11,160,103,117,27,63,2,29,4,24,798
6066b,84,4,190,29,0,0,67,25,1,28,94,12,3,80,21,7,1,8,101,25,16,10,40,5,54,67,4,246,103,111,152,72,6,59,6,5,949
6066c,125,6,309,30,1,0,30,24,0,12,113,8,0,63,14,12,1,4,74,11,3,35,34,11,32,51,19,211,131,61,32,42,9,38,1,27,682
6066d,81,4,180,39,4,0,77,18,0,20,122,22,1,92,15,26,0,2,89,55,15,12,81,8,39,67,10,249,182,99,66,53,13,42,7,12,905
6066e,130,8,234,12,11,0,25,24,0,11,93,9,7,73,14,17,0,2,114,15,19,11,40,3,51,51,27,272,93,72,49,65,4,51,3,9,852
6066f,155,0,140,57,1,0,30,26,1,23,153,12,2,70,8,6,0,2,116,18,23,19,31,9,42,63,17,135,56,79,67,58,3,25,2,5,789
6066g,133,2,348,26,6,2,55,22,0,24,212,22,21,112,35,13,2,0,151,12,28,68,16,30,81,72,23,289,230,219,32,93,7,55,10,41,1152
6066h,151,4,223,17,0,4,31,23,0,10,376,6,9,93,28,35,2,1,98,11,8,37,23,10,22,68,27,224,112,56,34,43,0,43,2,28,946
6067a,232,18,181,46,33,2,28,19,0,15,67,2,6,47,16,12,0,2,151,12,23,17,41,27,27,72,16,105,26,36,50,53,3,32,1,8,694
6067f,286,11,201,41,12,0,53,21,0,10,80,17,3,74,13,14,0,7,109,2,21,28,91,24,48,69,16,121,106,77,12,48,0,34,4,7,776
6073a,93,16,215,13,6,0,24,4,2,14,80,6,3,62,2,20,0,2,101,69,19,5,49,7,13,75,8,213,147,67,48,37,4,40,0,0,735
6073b,67,6,143,9,2,0,21,14,1,23,142,7,5,83,1,22,2,6,65,16,23,4,36,0,3,50,14,161,112,82,37,33,8,36,0,8,722
6073d,102,0,165,5,4,0,26,8,0,9,125,9,3,63,9,29,8,3,59,60,22,13,61,2,43,73,9,258,152,96,23,70,10,21,0,5,895
6073e,55,0,149,16,2,2,20,22,1,36,104,8,1,44,29,13,2,2,127,75,18,6,71,3,24,71,10,278,163,82,21,52,11,74,4,6,813
6073f,126,6,154,33,7,0,34,13,0,39,164,14,0,44,10,25,8,7,114,59,13,8,63,8,21,83,9,225,78,127,121,51,3,39,4,6,1051
6073g,154,8,224,18,20,0,44,20,0,8,333,5,3,77,17,27,6,12,119,21,14,60,135,5,29,95,22,164,162,67,45,49,2,35,0,26,1134
6076a,232,4,281,26,6,0,86,34,0,30,147,14,21,106,20,11,1,5,201,10,25,41,31,39,60,98,59,220,145,131,86,93,4,37,3,21,1242
6076b,198,3,324,28,5,4,89,49,0,33,327,18,9,99,24,29,4,2,205,13,26,50,31,19,77,136,66,310,191,102,20,95,24,78,5,28,1439
6076c,189,5,407,12,5,4,115,38,0,25,197,16,19,135,27,16,3,7,172,8,25,56,90,29,95,116,46,275,187,287,14,109,3,32,5,25,1356
6076d,145,2,230,46,5,0,62,36,1,11,112,16,4,89,11,20,2,7,145,10,32,17,49,30,80,121,49,242,137,95,33,81,15,74,3,13,1029
6076e,249,6,283,23,9,0,72,27,0,27,139,19,28,118,6,34,1,7,125,33,24,22,78,44,84,112,45,324,122,121,154,75,14,66,11,11,1193
6076f,148,0,140,8,11,2,66,32,0,12,114,15,5,122,10,14,2,5,104,40,26,22,50,15,28,58,57,203,85,122,33,70,2,39,4,28,748
6076h,93,0,263,11,6,0,44,35,0,13,104,8,8,82,13,0,1,7,92,6,15,16,22,10,41,56,19,184,145,40,13,29,3,43,5,8,541
6118a,150,20,141,7,9,4,96,15,0,14,152,13,0,53,2,13,5,3,197,29,14,17,59,25,9,53,10,172,65,33,26,58,4,12,0,10,729
6118d,81,2,201,16,0,2,37,6,0,8,95,6,3,52,13,19,0,0,88,13,15,21,18,14,40,65,5,206,62,35,29,39,0,28,0,8,599
6118e,112,11,251,17,5,4,51,16,3,16,52,2,2,38,10,12,1,0,116,16,13,32,32,33,48,53,17,181,80,46,24,39,0,37,3,9,701
6120e,250,29,365,63,17,6,65,35,0,8,102,8,3,112,13,24,2,1,306,10,22,69,37,28,73,134,21,189,87,71,49,100,7,104,5,13,991
6143a,129,8,90,7,4,8,70,22,0,7,281,7,0,60,0,24,5,3,124,65,17,23,48,17,14,74,23,203,38,31,26,45,0,12,7,4,746
6143c,61,2,166,11,7,0,24,17,0,12,166,10,3,57,4,23,2,4,71,45,11,8,59,15,24,67,25,244,87,105,62,44,3,57,2,24,778
6148a,116,16,286,68,4,6,61,32,1,35,145,15,10,62,17,2,1,1,98,43,19,28,39,12,54,82,11,255,111,39,64,75,9,19,2,8,803
6148b,112,5,218,32,4,2,33,22,0,57,80,8,0,56,16,16,1,0,84,10,7,24,39,18,53,69,8,234,97,27,39,49,6,23,0,2,727
6148d,98,0,112,52,4,4,39,6,0,15,166,6,0,27,6,21,0,0,89,21,9,16,18,1,38,72,3,147,75,30,33,39,3,25,1,9,636
6151a,140,2,167,16,6,0,64,25,0,10,147,0,6,71,14,103,2,5,173,4,20,45,30,11,76,83,10,183,110,59,28,54,3,26,0,11,831
6151b,122,0,302,23,3,0,38,16,0,10,143,4,6,85,7,45,1,4,171,49,21,12,54,15,26,79,3,281,55,40,30,57,3,23,6,18,924
6171a,454,23,422,248,8,0,145,18,2,42,548,26,0,66,44,113,4,22,258,80,85,36,135,31,36,165,19,436,215,48,22,188,0,35,2,16,2123
6171b,381,35,346,197,4,2,66,22,0,38,920,57,0,55,31,33,2,15,369,90,93,42,84,57,48,166,22,602,127,86,54,184,6,53,6,19,2260
6171c,237,24,217,72,7,0,67,16,0,56,462,35,0,28,17,29,2,20,261,56,41,16,145,16,58,110,7,359,90,57,42,89,8,23,2,10,1519
6171d,233,15,162,127,2,2,102,16,1,41,493,42,0,49,9,45,8,13,131,21,47,21,134,14,26,112,2,305,78,58,26,89,5,48,3,7,1185
6171e,231,13,187,101,3,2,38,24,2,46,396,21,1,50,29,63,7,11,210,54,42,15,65,14,18,109,14,350,51,44,19,104,2,20,3,12,1258
6171f,275,24,186,120,7,0,131,20,1,27,339,18,1,74,22,27,5,7,167,49,51,29,105,26,36,144,11,278,81,43,67,90,6,40,3,21,1115
6171h,351,17,149,178,1,4,101,10,3,36,247,43,1,38,28,22,0,17,109,6,52,19,64,25,51,115,9,202,99,111,8,85,27,36,7,10,1013
6171j,278,24,140,48,1,2,65,19,0,32,639,24,0,44,12,18,2,6,234,59,55,35,81,29,42,92,10,375,55,35,61,67,9,27,0,7,1464
6173d,408,10,153,46,7,0,39,8,0,16,119,12,4,42,9,19,0,0,195,3,36,47,47,20,48,67,37,166,52,90,25,84,11,72,5,8,1020
6174a,231,8,174,21,6,14,46,32,1,14,66,4,13,65,7,12,0,2,123,3,14,37,34,16,40,54,15,144,52,47,43,43,2,55,6,13,466
6174c,210,7,253,41,4,48,37,26,0,18,221,10,6,108,35,20,0,6,152,10,42,69,86,12,79,109,7,116,90,81,39,113,2,88,0,27,1107
6174d,341,24,181,111,26,40,59,39,0,10,128,7,3,74,13,23,3,0,140,7,25,28,71,50,50,100,12,157,131,47,32,80,6,38,4,9,1038
6174e,271,16,149,63,10,56,66,23,0,37,78,10,4,67,15,10,0,9,152,3,35,34,35,38,40,66,6,95,88,78,15,73,6,43,0,7,767
6179a,124,8,230,63,5,0,11,28,0,20,48,0,3,57,5,3,0,2,54,31,12,19,28,5,41,62,12,139,68,44,25,39,1,19,4,6,659
6179b,142,8,186,54,0,0,21,24,0,10,161,4,5,65,3,19,0,1,106,18,10,20,31,1,39,64,9,160,100,52,24,42,4,18,4,3,861
6180b,169,0,133,51,6,0,29,3,0,3,119,11,4,88,3,49,1,22,114,40,41,46,89,4,33,44,18,204,76,77,218,71,5,83,0,27,912
6180d,295,9,92,27,1,0,46,9,0,6,101,29,4,47,11,72,1,5,121,81,34,29,196,10,24,40,13,135,59,115,94,61,7,98,0,16,863
6180e,213,10,393,72,13,0,79,68,0,66,65,15,19,119,10,11,0,0,133,5,13,44,25,31,103,72,40,162,143,227,25,215,53,102,8,10,1413
6180f,237,4,204,53,16,0,96,29,0,59,80,14,5,83,25,18,2,2,184,1,54,49,37,38,97,130,27,151,139,122,32,265,17,47,9,23,1183
6180g,252,2,136,47,6,0,44,14,2,12,69,17,6,52,22,1,0,1,98,0,9,24,35,19,47,40,37,84,80,55,27,75,3,30,2,3,582
6180h,252,15,141,15,6,2,86,31,0,31,42,19,1,28,6,2,0,2,79,0,34,30,37,53,60,53,26,71,85,74,6,87,12,46,10,6,690
6180k,316,12,277,57,6,0,33,19,3,9,160,24,0,113,12,48,10,11,100,206,25,66,169,10,29,75,52,200,129,153,130,86,2,140,3,27,1452
6180m,256,11,218,67,2,2,101,83,0,25,55,7,4,103,13,7,1,4,144,4,34,44,38,36,76,83,45,147,86,93,16,125,9,52,9,6,1134
6182a,84,11,125,15,2,0,26,10,0,7,31,6,1,39,5,5,1,4,55,29,14,17,21,12,40,17,10,111,81,68,31,21,0,37,2,8,486
6182b,77,5,127,7,2,2,9,8,0,11,66,3,0,31,9,4,3,0,39,10,8,19,17,6,23,30,7,94,88,70,8,22,0,15,0,6,456
6182c,102,0,180,10,6,0,14,33,0,5,95,4,5,52,20,18,0,4,80,33,13,32,24,14,41,39,11,174,110,114,20,29,10,21,1,23,789
6182d,125,7,195,11,3,0,23,18,0,12,108,4,23,55,4,13,1,0,79,16,14,26,36,14,46,41,11,182,95,78,17,45,1,20,5,21,822
6182e,146,16,264,139,4,2,56,15,2,16,205,9,8,80,26,18,1,3,103,47,27,12,55,16,80,55,13,303,141,75,60,71,8,28,1,12,1196
6182f,149,15,170,8,9,2,48,27,0,19,164,0,8,51,13,31,0,1,104,56,17,19,44,12,46,39,7,293,42,30,48,76,0,29,5,8,976
6182g,173,12,179,7,18,4,40,23,0,17,205,6,6,50,0,3,10,3,104,14,38,20,57,20,66,67,6,213,107,41,42,114,1,20,5,4,952
6187b,226,4,137,12,3,2,45,14,2,18,148,10,20,58,11,13,16,1,92,5,21,28,49,40,32,52,3,180,66,54,25,67,0,24,6,4,874
6191a,193,22,156,21,6,0,74,22,0,4,180,3,0,62,3,25,4,1,113,44,12,38,63,3,26,109,8,176,40,29,56,70,1,19,0,14,674
6191b,140,26,141,27,11,4,56,9,0,21,217,2,6,83,6,14,6,0,91,9,7,40,26,3,17,85,3,190,51,17,13,64,0,25,2,2,727
6192a,92,6,312,10,4,2,51,22,1,20,103,7,0,77,18,6,4,0,100,17,9,27,34,7,25,56,25,156,159,85,13,44,3,22,1,12,748
6192b,149,5,273,8,13,0,47,25,0,15,85,11,1,67,51,3,4,2,82,30,18,38,53,10,28,78,10,145,123,155,39,38,17,63,5,14,895
6192c,91,0,187,12,0,0,23,10,0,9,66,6,7,34,12,15,0,1,40,7,21,28,29,16,24,43,6,90,122,38,35,34,2,23,5,16,623
6192d,121,0,148,8,3,0,56,10,0,12,125,8,0,48,2,13,0,3,72,6,10,36,36,8,14,38,9,80,154,84,33,40,2,26,5,1,762
6195a,57,2,91,20,8,6,24,24,0,9,48,2,5,64,5,17,1,1,75,24,10,18,13,11,16,46,4,102,72,27,19,16,0,10,0,10,358
6195b,66,2,189,19,0,0,15,19,0,19,75,2,5,73,8,4,1,3,113,20,10,15,21,23,23,65,19,261,138,50,48,35,0,21,1,6,754
6195c,120,0,246,31,2,0,3,33,0,16,185,4,7,86,18,23,11,4,113,12,6,48,42,20,28,73,4,230,164,119,24,80,2,28,0,12,948
6197a,123,11,127,23,6,0,30,33,0,16,49,2,7,47,10,7,0,0,57,2,11,29,60,6,31,53,4,95,76,72,83,90,7,32,0,6,588
6197b,143,7,138,38,7,2,64,42,0,15,29,0,8,56,1,3,0,0,95,8,16,51,13,18,26,54,2,116,57,30,23,78,0,43,6,7,548
6197c,135,2,122,32,6,0,50,18,0,26,16,7,16,67,23,7,0,1,59,3,11,37,59,10,34,60,9,86,117,122,47,60,1,63,2,29,548
6197d,112,3,130,32,4,0,48,25,0,9,101,6,13,39,3,8,0,2,78,10,7,31,7,21,31,47,20,74,47,61,62,52,2,38,1,5,517
6197e,74,4,147,31,8,2,44,72,2,42,41,13,17,70,25,6,0,1,99,0,12,42,14,23,28,79,11,80,74,49,12,135,10,34,2,1,513
6197f,144,4,136,28,14,0,48,19,0,13,34,9,1,69,6,5,0,4,90,2,24,56,36,23,41,51,11,99,242,78,45,150,8,41,2,22,686
6197g,125,15,202,37,7,2,45,37,1,19,92,2,4,54,17,8,0,4,56,2,27,28,31,18,24,73,13,92,118,90,42,101,2,47,1,13,655
6197h,143,4,146,22,14,0,38,24,1,17,36,7,0,38,24,4,0,3,104,36,20,51,14,6,47,72,2,144,132,52,240,58,2,56,1,14,717
6197i,245,14,156,31,6,4,63,60,0,11,82,4,23,84,13,8,0,8,114,13,23,49,22,32,33,80,8,150,86,58,53,129,16,37,9,12,772
6197j,115,0,201,24,11,0,64,55,1,67,43,12,9,93,18,15,0,2,132,2,27,55,49,31,43,59,26,109,120,93,91,106,12,48,15,18,771
6201c,196,0,762,29,13,6,48,42,2,35,207,6,42,180,43,24,10,1,139,28,16,105,48,55,195,133,35,278,305,111,62,112,20,51,0,53,1709
6201d,84,7,327,20,11,2,9,20,0,8,130,6,1,79,29,13,5,2,163,12,12,54,72,32,70,78,23,202,134,127,28,112,10,53,4,32,1173
6201e,160,0,440,34,12,0,38,28,0,34,335,11,1,127,43,12,13,3,177,24,19,51,29,41,105,113,23,395,213,226,44,103,13,65,4,17,1763
6201f,251,2,182,37,6,0,23,32,0,13,129,6,2,76,3,25,6,0,123,39,19,29,51,22,56,96,15,253,140,37,35,97,6,18,22,8,947
6201g,215,8,517,32,16,0,65,45,1,19,335,21,43,146,47,26,7,15,230,14,33,73,62,49,214,164,43,383,323,269,23,128,4,71,4,48,2412
6203c,247,10,193,39,4,0,51,34,1,12,293,18,13,69,5,58,0,10,160,42,35,18,112,39,39,156,34,455,80,50,29,142,2,31,8,38,1098
6203d,403,25,188,41,0,0,74,38,1,19,100,14,12,82,13,24,1,12,187,21,34,35,95,37,24,140,39,238,100,64,67,117,5,62,2,22,1017
6203e,212,25,196,79,12,0,74,33,0,19,269,6,4,99,15,58,47,16,162,119,35,27,87,29,58,211,28,421,141,57,70,165,5,88,4,18,1289
6203g,269,15,203,41,10,6,61,34,0,18,379,10,2,75,9,20,0,9,142,134,38,23,106,32,33,148,32,362,64,69,59,131,2,38,2,16,1252
6203i,193,28,114,16,0,0,70,35,1,39,340,19,4,84,27,14,0,1,147,17,37,29,56,29,15,92,21,195,66,60,18,84,6,34,2,27,894
6204b,237,36,139,55,4,2,58,25,1,58,225,14,0,87,14,11,0,9,203,35,50,58,67,15,12,119,22,297,107,48,60,68,9,43,7,15,1076
6204g,129,17,179,11,14,4,16,13,0,36,302,20,3,71,5,11,0,2,116,70,26,16,114,10,12,72,9,244,75,52,24,61,5,32,0,8,912
6204h,180,12,154,16,10,2,34,17,0,24,181,6,5,90,11,8,1,3,121,22,7,48,33,24,25,40,11,154,36,43,25,49,2,29,8,20,595
6204i,210,21,152,19,6,4,70,23,0,13,225,22,0,92,4,19,6,2,164,16,25,31,57,15,18,56,8,191,58,58,24,52,4,41,3,2,815
6206c,366,27,150,94,10,10,56,17,0,13,122,5,2,39,15,15,2,5,199,6,26,53,62,26,36,73,21,187,125,60,12,67,22,59,4,26,1103
6206d,219,21,199,96,18,10,66,13,0,6,86,5,0,38,14,18,1,1,205,19,37,39,134,17,42,93,8,216,132,45,21,77,6,17,0,31,992
6206e,211,23,181,205,22,6,45,22,0,15,116,14,0,43,20,7,2,0,222,0,24,46,88,23,40,97,2,147,131,83,26,69,13,61,5,24,1008
6211a,97,7,340,44,18,6,64,22,0,60,228,21,8,141,9,31,7,14,251,92,28,14,120,35,154,96,22,387,182,78,61,103,7,105,14,19,1669
6211b,162,8,256,33,15,0,42,22,0,41,103,19,7,105,33,13,2,5,80,15,14,38,32,25,104,86,44,179,84,136,72,73,14,47,3,26,1029
6211d,159,2,164,40,4,0,29,19,2,1,77,4,0,106,22,4,5,0,147,16,12,35,69,15,98,32,31,173,77,95,50,49,2,35,2,14,821
6211e,194,3,449,51,7,0,72,24,0,14,244,20,16,85,19,27,0,12,208,63,20,40,64,21,123,75,49,345,48,86,45,88,3,29,5,19,1627
6211f,434,12,482,88,11,4,76,41,0,19,333,16,24,104,9,26,0,1,350,64,35,65,153,38,151,131,66,521,140,73,76,91,7,65,9,33,2241
6211j,258,14,245,5,6,2,27,5,0,15,112,19,2,102,5,19,2,1,187,16,17,25,51,21,99,94,42,483,49,58,40,55,6,31,3,11,1295
